idx,eden,surv,T,pt,oom,oom_op,minor,major,copied,promoted,pretenured,total_pause,max_pause,peak_old
0,16384,8192,1,off,yes,1089,,,,,,,,
1,16384,8192,1,768,yes,17214,,,,,,,,
2,16384,8192,1,1024,yes,2882,,,,,,,,
3,16384,8192,2,off,no,,303,93,2471728,4269960,0,413767,2865,122624
4,16384,8192,2,768,no,,170,88,1383120,2048360,2080480,313167,2961,130328
5,16384,8192,2,1024,no,,226,88,1842128,3083656,1186496,350043,2987,126472
6,16384,8192,3,off,no,,303,91,2472608,4193808,0,406957,2869,122728
7,16384,8192,3,768,no,,170,84,1383488,1865696,2080480,307662,2961,130128
8,16384,8192,3,1024,no,,226,85,1844200,2859016,1186496,340757,3118,128808
9,16384,8192,5,off,no,,303,89,2475488,4003360,0,414591,2892,121528
10,16384,8192,5,768,no,,170,85,1385000,1853072,2080480,315424,2977,129792
11,16384,8192,5,1024,no,,226,84,1845240,2792008,1186496,353306,2960,126176
12,16384,24576,1,off,yes,1089,,,,,,,,
13,16384,24576,1,768,yes,17214,,,,,,,,
14,16384,24576,1,1024,yes,2882,,,,,,,,
15,16384,24576,2,off,no,,303,94,4357400,4250024,0,426428,2694,114584
16,16384,24576,2,768,no,,170,82,2265088,1977736,2080480,294156,2765,127376
17,16384,24576,2,1024,no,,226,86,3173464,3057840,1186496,346553,2741,121688
18,16384,24576,3,off,no,,303,91,7253184,4179216,0,435376,2364,106376
19,16384,24576,3,768,no,,170,78,3907176,1399688,2080480,276011,2511,119920
20,16384,24576,3,1024,no,,226,82,5342416,2588232,1186496,338390,2476,110456
21,16384,24576,5,off,no,,303,81,7296064,3513904,0,401633,2560,105168
22,16384,24576,5,768,no,,170,73,4029352,987808,2080480,260350,2573,119504
23,16384,24576,5,1024,no,,226,76,5401176,2087296,1186496,317055,2592,112328
24,24576,8192,1,off,yes,16404,,,,,,,,
25,24576,8192,1,768,no,,113,97,0,2232568,2080480,330519,3444,130536
26,24576,8192,1,1024,yes,1116,,,,,,,,
27,24576,8192,2,off,no,,202,85,1649360,4211208,0,353097,2639,121712
28,24576,8192,2,768,no,,113,76,921104,1836576,2080480,249534,2708,130296
29,24576,8192,2,1024,no,,150,81,1224216,2863544,1186496,297316,2665,129504
30,24576,8192,3,off,no,,202,83,1650472,4029440,0,347818,2654,120848
31,24576,8192,3,768,no,,113,76,921960,1806224,2080480,256138,2745,130168
32,24576,8192,3,1024,no,,150,79,1224512,2768976,1186496,299477,2765,128864
33,24576,8192,5,off,no,,202,79,1650336,3953744,0,351446,2644,120648
34,24576,8192,5,768,no,,113,76,921808,1822160,2080480,256871,2756,130136
35,24576,8192,5,1024,no,,150,79,1224808,2741712,1186496,302228,2688,128624
36,24576,24576,1,off,yes,16404,,,,,,,,
37,24576,24576,1,768,no,,113,97,0,2232568,2080480,330519,3444,130536
38,24576,24576,1,1024,yes,1116,,,,,,,,
39,24576,24576,2,off,no,,202,85,4332616,4172880,0,356607,2206,105872
40,24576,24576,2,768,no,,113,76,2232568,1505056,2080480,235535,2412,124888
41,24576,24576,2,1024,no,,150,78,3138616,2683416,1186496,283577,2248,115464
42,24576,24576,3,off,no,,202,78,4847152,3716280,0,337616,2256,104904
43,24576,24576,3,768,no,,113,75,2662736,1066432,2080480,226570,2452,118176
44,24576,24576,3,1024,no,,150,76,3573816,2222648,1186496,272992,2377,114136
45,24576,24576,5,off,no,,202,74,4877840,3181320,0,321147,2306,103688
46,24576,24576,5,768,no,,113,74,2689184,966888,2080480,224202,2464,118856
47,24576,24576,5,1024,no,,150,75,3607864,1872584,1186496,265646,2388,112760
48,32768,8192,1,off,yes,17386,,,,,,,,
49,32768,8192,1,768,no,,84,87,0,2122872,2080480,289718,3440,130784
50,32768,8192,1,1024,no,,112,83,0,3119600,1186496,286783,3461,130328
51,32768,8192,2,off,no,,149,79,1215664,4038816,0,309065,2406,121600
52,32768,8192,2,768,no,,84,65,684792,1736104,2080480,209940,2833,127600
53,32768,8192,2,1024,no,,112,81,912952,2762984,1186496,268221,2468,127832
54,32768,8192,3,off,no,,149,80,1216968,3947728,0,317818,2396,119928
55,32768,8192,3,768,no,,84,65,685416,1732496,2080480,212458,3028,127032
56,32768,8192,3,1024,no,,112,82,913936,2702880,1186496,276171,2494,126800
57,32768,8192,5,off,no,,149,79,1217144,3931160,0,318229,2409,121288
58,32768,8192,5,768,no,,84,65,685312,1743592,2080480,212859,2998,126848
59,32768,8192,5,1024,no,,112,82,914960,2711384,1186496,276543,2519,126792
60,32768,24576,1,off,yes,17386,,,,,,,,
61,32768,24576,1,768,no,,84,87,0,2122872,2080480,289718,3440,130784
62,32768,24576,1,1024,no,,112,83,0,3119600,1186496,286783,3461,130328
63,32768,24576,2,off,no,,149,79,3566528,3903072,0,303492,1924,102696
64,32768,24576,2,768,no,,84,62,1948328,1153128,2080480,182581,2264,117768
65,32768,24576,2,1024,no,,112,81,2659984,2305576,1186496,250629,2136,107840
66,32768,24576,3,off,no,,149,78,3585912,3336808,0,293863,2103,103320
67,32768,24576,3,768,no,,84,61,1999088,895496,2080480,177114,2299,117920
68,32768,24576,3,1024,no,,112,77,2675184,1947800,1186496,238923,2188,107536
69,32768,24576,5,off,no,,149,76,3609680,3058752,0,287324,2105,101536
70,32768,24576,5,768,no,,84,62,2020144,902648,2080480,179802,2315,117928
71,32768,24576,5,1024,no,,112,77,2700968,1864656,1186496,238258,2229,107416
72,49152,8192,1,off,no,,99,78,0,4249712,0,269607,2187,121304
73,49152,8192,1,768,no,,56,78,0,1858680,2080480,223938,3014,129384
74,49152,8192,1,1024,no,,74,63,0,2895464,1186496,208704,2800,130904
75,49152,8192,2,off,no,,99,78,807232,3904256,0,258745,1994,109824
76,49152,8192,2,768,no,,56,68,456880,1483552,2080480,188644,2609,129264
77,49152,8192,2,1024,no,,74,61,604552,2524144,1186496,195581,2124,125312
78,49152,8192,3,off,no,,99,78,807064,3867136,0,262343,2011,108872
79,49152,8192,3,768,no,,56,68,457096,1488392,2080480,188885,2571,129352
80,49152,8192,3,1024,no,,74,61,604672,2525376,1186496,196780,2138,125256
81,49152,8192,5,off,no,,99,78,808552,3858424,0,263426,2034,108936
82,49152,8192,5,768,no,,56,70,457048,1502064,2080480,192718,2575,129496
83,49152,8192,5,1024,no,,74,62,604640,2536320,1186496,199076,2138,125256
84,49152,24576,1,off,no,,99,78,0,4249712,0,269607,2187,121304
85,49152,24576,1,768,no,,56,78,0,1858680,2080480,223938,3014,129384
86,49152,24576,1,1024,no,,74,63,0,2895464,1186496,208704,2800,130904
87,49152,24576,2,off,no,,99,77,2373320,3261760,0,236220,1911,92112
88,49152,24576,2,768,no,,56,59,1322056,742888,2080480,149637,2244,129144
89,49152,24576,2,1024,no,,74,61,1772544,1808496,1186496,175030,1867,104000
90,49152,24576,3,off,no,,99,76,2381608,3057488,0,231645,1729,91344
91,49152,24576,3,768,no,,56,58,1335864,727176,2080480,147851,2244,129240
92,49152,24576,3,1024,no,,74,61,1787064,1726168,1186496,173865,1867,103944
93,49152,24576,5,off,no,,99,76,2411736,3024168,0,231855,1763,91312
94,49152,24576,5,768,no,,56,58,1358024,742216,2080480,148119,2279,129256
95,49152,24576,5,1024,no,,74,61,1808016,1735336,1186496,174586,1875,103968
