sample_k,dat_sample_n,time,A_Z1,A_Z2,A_Z3R,A_RX,A_ECHO,A_KEY,A_TRIP,A_52A,B_Z1,B_Z2,B_Z3R,B_RX,B_ECHO,B_KEY,B_TRIP,B_52A,A_recorded_Z1,A_recorded_Z2,A_recorded_KEY,A_recorded_RX,A_recorded_TRIP,A_recorded_52A
0,1,14:22:07.3450,0,0,0,0,0,0,0,1,0,0,0,0,0,0,0,1,0,0,0,0,0,1
1,2,14:22:07.3455,0,0,0,0,0,0,0,1,0,0,0,0,0,0,0,1,0,0,0,0,0,1
2,3,14:22:07.3460,0,0,0,0,0,0,0,1,0,0,0,0,0,0,0,1,0,0,0,0,0,1
3,4,14:22:07.3465,0,0,0,0,0,0,0,1,0,0,0,0,0,0,0,1,0,0,0,0,0,1
4,5,14:22:07.3470,0,0,0,0,0,0,0,1,0,0,0,0,0,0,0,1,0,0,0,0,0,1
5,6,14:22:07.3476,0,0,0,0,0,0,0,1,0,0,0,0,0,0,0,1,0,0,0,0,0,1
6,7,14:22:07.3481,0,0,0,0,0,0,0,1,0,0,0,0,0,0,0,1,0,0,0,0,0,1
7,8,14:22:07.3486,0,0,0,0,0,0,0,1,0,0,0,0,0,0,0,1,0,0,0,0,0,1
8,9,14:22:07.3491,0,0,0,0,0,0,0,1,0,0,0,0,0,0,0,1,0,0,0,0,0,1
9,10,14:22:07.3496,0,0,0,0,0,0,0,1,0,0,0,0,0,0,0,1,0,0,0,0,0,1
10,11,14:22:07.3502,0,0,0,0,0,0,0,1,0,0,0,0,0,0,0,1,0,0,0,0,0,1
11,12,14:22:07.3507,0,0,0,0,0,0,0,1,0,0,0,0,0,0,0,1,0,0,0,0,0,1
12,13,14:22:07.3512,0,0,0,0,0,0,0,1,0,0,0,0,0,0,0,1,0,0,0,0,0,1
13,14,14:22:07.3517,0,0,0,0,0,0,0,1,0,0,0,0,0,0,0,1,0,0,0,0,0,1
14,15,14:22:07.3522,0,0,0,0,0,0,0,1,0,0,0,0,0,0,0,1,0,0,0,0,0,1
15,16,14:22:07.3528,0,0,0,0,0,0,0,1,0,0,0,0,0,0,0,1,0,0,0,0,0,1
16,17,14:22:07.3533,0,0,0,0,0,0,0,1,0,0,0,0,0,0,0,1,0,0,0,0,0,1
17,18,14:22:07.3538,0,0,0,0,0,0,0,1,0,0,0,0,0,0,0,1,0,0,0,0,0,1
18,19,14:22:07.3543,0,0,0,0,0,0,0,1,0,0,0,0,0,0,0,1,0,0,0,0,0,1
19,20,14:22:07.3548,0,0,0,0,0,0,0,1,0,0,0,0,0,0,0,1,0,0,0,0,0,1
20,21,14:22:07.3554,0,0,0,0,0,0,0,1,0,0,0,0,0,0,0,1,0,0,0,0,0,1
21,22,14:22:07.3559,0,0,0,0,0,0,0,1,0,0,0,0,0,0,0,1,0,0,0,0,0,1
22,23,14:22:07.3564,0,0,0,0,0,0,0,1,0,0,0,0,0,0,0,1,0,0,0,0,0,1
23,24,14:22:07.3569,0,0,0,0,0,0,0,1,0,0,0,0,0,0,0,1,0,0,0,0,0,1
24,25,14:22:07.3575,0,0,0,0,0,0,0,1,0,0,0,0,0,0,0,1,0,0,0,0,0,1
25,26,14:22:07.3580,0,0,0,0,0,0,0,1,0,0,0,0,0,0,0,1,0,0,0,0,0,1
26,27,14:22:07.3585,0,0,0,0,0,0,0,1,0,0,0,0,0,0,0,1,0,0,0,0,0,1
27,28,14:22:07.3590,0,0,0,0,0,0,0,1,0,0,0,0,0,0,0,1,0,0,0,0,0,1
28,29,14:22:07.3595,0,0,0,0,0,0,0,1,0,0,0,0,0,0,0,1,0,0,0,0,0,1
29,30,14:22:07.3601,0,0,0,0,0,0,0,1,0,0,0,0,0,0,0,1,0,0,0,0,0,1
30,31,14:22:07.3606,0,0,0,0,0,0,0,1,0,0,0,0,0,0,0,1,0,0,0,0,0,1
31,32,14:22:07.3611,0,0,0,0,0,0,0,1,0,0,0,0,0,0,0,1,0,0,0,0,0,1
32,33,14:22:07.3616,0,0,0,0,0,0,0,1,0,0,0,0,0,0,0,1,0,0,0,0,0,1
33,34,14:22:07.3621,0,0,0,0,0,0,0,1,0,0,0,0,0,0,0,1,0,0,0,0,0,1
34,35,14:22:07.3627,0,0,0,0,0,0,0,1,0,0,0,0,0,0,0,1,0,0,0,0,0,1
35,36,14:22:07.3632,0,0,0,0,0,0,0,1,0,0,0,0,0,0,0,1,0,0,0,0,0,1
36,37,14:22:07.3637,0,0,0,0,0,0,0,1,0,0,0,0,0,0,0,1,0,0,0,0,0,1
37,38,14:22:07.3642,0,0,0,0,0,0,0,1,0,0,0,0,0,0,0,1,0,0,0,0,0,1
38,39,14:22:07.3647,0,0,0,0,0,0,0,1,0,0,0,0,0,0,0,1,0,0,0,0,0,1
39,40,14:22:07.3653,0,0,0,0,0,0,0,1,0,0,0,0,0,0,0,1,0,0,0,0,0,1
40,41,14:22:07.3658,0,0,0,0,0,0,0,1,0,0,0,0,0,0,0,1,0,0,0,0,0,1
41,42,14:22:07.3663,0,0,0,0,0,0,0,1,0,0,0,0,0,0,0,1,0,0,0,0,0,1
42,43,14:22:07.3668,0,0,0,0,0,0,0,1,0,0,0,0,0,0,0,1,0,0,0,0,0,1
43,44,14:22:07.3673,0,0,0,0,0,0,0,1,0,0,0,0,0,0,0,1,0,0,0,0,0,1
44,45,14:22:07.3679,0,0,0,0,0,0,0,1,0,0,0,0,0,0,0,1,0,0,0,0,0,1
45,46,14:22:07.3684,0,0,0,0,0,0,0,1,0,0,0,0,0,0,0,1,0,0,0,0,0,1
46,47,14:22:07.3689,0,0,0,0,0,0,0,1,0,0,0,0,0,0,0,1,0,0,0,0,0,1
47,48,14:22:07.3694,0,0,0,0,0,0,0,1,0,0,0,0,0,0,0,1,0,0,0,0,0,1
48,49,14:22:07.3700,0,0,0,0,0,0,0,1,0,0,0,0,0,0,0,1,0,0,0,0,0,1
49,50,14:22:07.3705,0,0,0,0,0,0,0,1,0,0,0,0,0,0,0,1,0,0,0,0,0,1
50,51,14:22:07.3710,0,0,0,0,0,0,0,1,0,0,0,0,0,0,0,1,0,0,0,0,0,1
51,52,14:22:07.3715,0,0,0,0,0,0,0,1,0,0,0,0,0,0,0,1,0,0,0,0,0,1
52,53,14:22:07.3720,0,0,0,0,0,0,0,1,0,0,0,0,0,0,0,1,0,0,0,0,0,1
53,54,14:22:07.3726,0,0,0,0,0,0,0,1,0,0,0,0,0,0,0,1,0,0,0,0,0,1
54,55,14:22:07.3731,0,0,0,0,0,0,0,1,0,0,0,0,0,0,0,1,0,0,0,0,0,1
55,56,14:22:07.3736,0,0,0,0,0,0,0,1,0,0,0,0,0,0,0,1,0,0,0,0,0,1
56,57,14:22:07.3741,0,0,0,0,0,0,0,1,0,0,0,0,0,0,0,1,0,0,0,0,0,1
57,58,14:22:07.3746,0,0,0,0,0,0,0,1,0,0,0,0,0,0,0,1,0,0,0,0,0,1
58,59,14:22:07.3752,0,0,0,0,0,0,0,1,0,0,0,0,0,0,0,1,0,0,0,0,0,1
59,60,14:22:07.3757,0,0,0,0,0,0,0,1,0,0,0,0,0,0,0,1,0,0,0,0,0,1
60,61,14:22:07.3762,0,0,0,0,0,0,0,1,0,0,0,0,0,0,0,1,0,0,0,0,0,1
61,62,14:22:07.3767,0,0,0,0,0,0,0,1,0,0,0,0,0,0,0,1,0,0,0,0,0,1
62,63,14:22:07.3772,0,0,0,0,0,0,0,1,0,0,0,0,0,0,0,1,0,0,0,0,0,1
63,64,14:22:07.3778,0,0,0,0,0,0,0,1,0,0,0,0,0,0,0,1,0,0,0,0,0,1
64,65,14:22:07.3783,0,0,0,0,0,0,0,1,0,0,0,0,0,0,0,1,0,0,0,0,0,1
65,66,14:22:07.3788,0,0,0,0,0,0,0,1,0,0,0,0,0,0,0,1,0,0,0,0,0,1
66,67,14:22:07.3793,0,0,0,0,0,0,0,1,0,0,0,0,0,0,0,1,0,0,0,0,0,1
67,68,14:22:07.3798,0,0,0,0,0,0,0,1,0,0,0,0,0,0,0,1,0,0,0,0,0,1
68,69,14:22:07.3804,0,0,0,0,0,0,0,1,0,0,0,0,0,0,0,1,0,0,0,0,0,1
69,70,14:22:07.3809,0,0,0,0,0,0,0,1,0,0,0,0,0,0,0,1,0,0,0,0,0,1
70,71,14:22:07.3814,0,0,0,0,0,0,0,1,0,0,0,0,0,0,0,1,0,0,0,0,0,1
71,72,14:22:07.3819,0,0,0,0,0,0,0,1,0,0,0,0,0,0,0,1,0,0,0,0,0,1
72,73,14:22:07.3825,0,0,0,0,0,0,0,1,0,0,0,0,0,0,0,1,0,0,0,0,0,1
73,74,14:22:07.3830,0,0,0,0,0,0,0,1,0,0,0,0,0,0,0,1,0,0,0,0,0,1
74,75,14:22:07.3835,0,0,0,0,0,0,0,1,0,0,0,0,0,0,0,1,0,0,0,0,0,1
75,76,14:22:07.3840,0,0,0,0,0,0,0,1,0,0,0,0,0,0,0,1,0,0,0,0,0,1
76,77,14:22:07.3845,0,0,0,0,0,0,0,1,0,0,0,0,0,0,0,1,0,0,0,0,0,1
77,78,14:22:07.3851,0,0,0,0,0,0,0,1,0,0,0,0,0,0,0,1,0,0,0,0,0,1
78,79,14:22:07.3856,0,0,0,0,0,0,0,1,0,0,0,0,0,0,0,1,0,0,0,0,0,1
79,80,14:22:07.3861,0,0,0,0,0,0,0,1,0,0,0,0,0,0,0,1,0,0,0,0,0,1
80,81,14:22:07.3866,0,0,0,0,0,0,0,1,0,0,0,0,0,0,0,1,0,0,0,0,0,1
81,82,14:22:07.3871,0,0,0,0,0,0,0,1,0,0,0,0,0,0,0,1,0,0,0,0,0,1
82,83,14:22:07.3877,0,0,0,0,0,0,0,1,0,0,0,0,0,0,0,1,0,0,0,0,0,1
83,84,14:22:07.3882,0,0,0,0,0,0,0,1,0,0,0,0,0,0,0,1,0,0,0,0,0,1
84,85,14:22:07.3887,0,0,0,0,0,0,0,1,0,0,0,0,0,0,0,1,0,0,0,0,0,1
85,86,14:22:07.3892,0,0,0,0,0,0,0,1,0,0,0,0,0,0,0,1,0,0,0,0,0,1
86,87,14:22:07.3897,0,0,0,0,0,0,0,1,0,0,0,0,0,0,0,1,0,0,0,0,0,1
87,88,14:22:07.3903,0,0,0,0,0,0,0,1,0,0,0,0,0,0,0,1,0,0,0,0,0,1
88,89,14:22:07.3908,0,0,0,0,0,0,0,1,0,0,0,0,0,0,0,1,0,0,0,0,0,1
89,90,14:22:07.3913,0,0,0,0,0,0,0,1,0,0,0,0,0,0,0,1,0,0,0,0,0,1
90,91,14:22:07.3918,0,0,0,0,0,0,0,1,0,0,0,0,0,0,0,1,0,0,0,0,0,1
91,92,14:22:07.3923,0,0,0,0,0,0,0,1,0,0,0,0,0,0,0,1,0,0,0,0,0,1
92,93,14:22:07.3929,0,0,0,0,0,0,0,1,0,0,0,0,0,0,0,1,0,0,0,0,0,1
93,94,14:22:07.3934,0,0,0,0,0,0,0,1,0,0,0,0,0,0,0,1,0,0,0,0,0,1
94,95,14:22:07.3939,0,0,0,0,0,0,0,1,0,0,0,0,0,0,0,1,0,0,0,0,0,1
95,96,14:22:07.3944,0,0,0,0,0,0,0,1,0,0,0,0,0,0,0,1,0,0,0,0,0,1
96,97,14:22:07.3950,0,0,0,0,0,0,0,1,0,0,0,0,0,0,0,1,0,0,0,0,0,1
97,98,14:22:07.3955,0,0,0,0,0,0,0,1,0,0,0,0,0,0,0,1,0,0,0,0,0,1
98,99,14:22:07.3960,0,0,0,0,0,0,0,1,0,0,0,0,0,0,0,1,0,0,0,0,0,1
99,100,14:22:07.3965,0,0,0,0,0,0,0,1,0,0,0,0,0,0,0,1,0,0,0,0,0,1
100,101,14:22:07.3970,0,0,0,0,0,0,0,1,0,0,0,0,0,0,0,1,0,0,0,0,0,1
101,102,14:22:07.3976,0,0,0,0,0,0,0,1,0,0,0,0,0,0,0,1,0,0,0,0,0,1
102,103,14:22:07.3981,0,0,0,0,0,0,0,1,0,0,0,0,0,0,0,1,0,0,0,0,0,1
103,104,14:22:07.3986,0,0,0,0,0,0,0,1,0,0,0,0,0,0,0,1,0,0,0,0,0,1
104,105,14:22:07.3991,0,0,0,0,0,0,0,1,0,0,0,0,0,0,0,1,0,0,0,0,0,1
105,106,14:22:07.3996,0,0,0,0,0,0,0,1,0,0,0,0,0,0,0,1,0,0,0,0,0,1
106,107,14:22:07.4002,0,0,0,0,0,0,0,1,0,0,0,0,0,0,0,1,0,0,0,0,0,1
107,108,14:22:07.4007,0,0,0,0,0,0,0,1,0,0,0,0,0,0,0,1,0,0,0,0,0,1
108,109,14:22:07.4012,0,0,0,0,0,0,0,1,0,0,0,0,0,0,0,1,0,0,0,0,0,1
109,110,14:22:07.4017,0,0,0,0,0,0,0,1,0,0,0,0,0,0,0,1,0,0,0,0,0,1
110,111,14:22:07.4022,0,0,0,0,0,0,0,1,0,0,0,0,0,0,0,1,0,0,0,0,0,1
111,112,14:22:07.4028,0,0,0,0,0,0,0,1,0,0,0,0,0,0,0,1,0,0,0,0,0,1
112,113,14:22:07.4033,0,0,0,0,0,0,0,1,0,0,0,0,0,0,0,1,0,0,0,0,0,1
113,114,14:22:07.4038,0,0,0,0,0,0,0,1,0,0,0,0,0,0,0,1,0,0,0,0,0,1
114,115,14:22:07.4043,0,0,0,0,0,0,0,1,0,0,0,0,0,0,0,1,0,0,0,0,0,1
115,116,14:22:07.4048,0,0,0,0,0,0,0,1,0,0,0,0,0,0,0,1,0,0,0,0,0,1
116,117,14:22:07.4054,0,0,0,0,0,0,0,1,0,0,0,0,0,0,0,1,0,0,0,0,0,1
117,118,14:22:07.4059,0,0,0,0,0,0,0,1,0,0,0,0,0,0,0,1,0,0,0,0,0,1
118,119,14:22:07.4064,0,0,0,0,0,0,0,1,0,0,0,0,0,0,0,1,0,0,0,0,0,1
119,120,14:22:07.4069,0,0,0,0,0,0,0,1,0,0,0,0,0,0,0,1,0,0,0,0,0,1
120,121,14:22:07.4075,0,0,0,0,0,0,0,1,0,0,0,0,0,0,0,1,0,0,0,0,0,1
121,122,14:22:07.4080,0,0,0,0,0,0,0,1,0,0,0,0,0,0,0,1,0,0,0,0,0,1
122,123,14:22:07.4085,0,0,0,0,0,0,0,1,0,0,0,0,0,0,0,1,0,0,0,0,0,1
123,124,14:22:07.4090,0,0,0,0,0,0,0,1,0,0,0,0,0,0,0,1,0,0,0,0,0,1
124,125,14:22:07.4095,0,0,0,0,0,0,0,1,0,0,0,0,0,0,0,1,0,0,0,0,0,1
125,126,14:22:07.4101,0,0,0,0,0,0,0,1,0,0,0,0,0,0,0,1,0,0,0,0,0,1
126,127,14:22:07.4106,0,0,0,0,0,0,0,1,0,0,0,0,0,0,0,1,0,0,0,0,0,1
127,128,14:22:07.4111,0,0,0,0,0,0,0,1,0,0,0,0,0,0,0,1,0,0,0,0,0,1
128,129,14:22:07.4116,0,0,0,0,0,0,0,1,0,0,0,0,0,0,0,1,0,0,0,0,0,1
129,130,14:22:07.4121,0,0,0,0,0,0,0,1,0,0,0,0,0,0,0,1,0,0,0,0,0,1
130,131,14:22:07.4127,0,0,0,0,0,0,0,1,0,0,0,0,0,0,0,1,0,0,0,0,0,1
131,132,14:22:07.4132,0,0,0,0,0,0,0,1,0,0,0,0,0,0,0,1,0,0,0,0,0,1
132,133,14:22:07.4137,0,0,0,0,0,0,0,1,0,0,0,0,0,0,0,1,0,0,0,0,0,1
133,134,14:22:07.4142,0,0,0,0,0,0,0,1,0,0,0,0,0,0,0,1,0,0,0,0,0,1
134,135,14:22:07.4147,0,0,0,0,0,0,0,1,0,0,0,0,0,0,0,1,0,0,0,0,0,1
135,136,14:22:07.4153,0,0,0,0,0,0,0,1,0,0,0,0,0,0,0,1,0,0,0,0,0,1
136,137,14:22:07.4158,0,0,0,0,0,0,0,1,0,0,0,0,0,0,0,1,0,0,0,0,0,1
137,138,14:22:07.4163,0,0,0,0,0,0,0,1,0,0,0,0,0,0,0,1,0,0,0,0,0,1
138,139,14:22:07.4168,0,0,0,0,0,0,0,1,0,0,0,0,0,0,0,1,0,0,0,0,0,1
139,140,14:22:07.4173,0,0,0,0,0,0,0,1,0,0,0,0,0,0,0,1,0,0,0,0,0,1
140,141,14:22:07.4179,0,0,0,0,0,0,0,1,0,0,0,0,0,0,0,1,0,0,0,0,0,1
141,142,14:22:07.4184,0,0,0,0,0,0,0,1,0,0,0,0,0,0,0,1,0,0,0,0,0,1
142,143,14:22:07.4189,0,0,0,0,0,0,0,1,0,0,0,0,0,0,0,1,0,0,0,0,0,1
143,144,14:22:07.4194,0,0,0,0,0,0,0,1,0,0,0,0,0,0,0,1,0,0,0,0,0,1
144,145,14:22:07.4200,0,0,0,0,0,0,0,1,0,0,0,0,0,0,0,1,0,0,0,0,0,1
145,146,14:22:07.4205,0,0,0,0,0,0,0,1,0,0,0,0,0,0,0,1,0,0,0,0,0,1
146,147,14:22:07.4210,0,0,0,0,0,0,0,1,0,0,0,0,0,0,0,1,0,0,0,0,0,1
147,148,14:22:07.4215,0,0,0,0,0,0,0,1,0,0,0,0,0,0,0,1,0,0,0,0,0,1
148,149,14:22:07.4220,0,0,0,0,0,0,0,1,0,0,0,0,0,0,0,1,0,0,0,0,0,1
149,150,14:22:07.4226,0,0,0,0,0,0,0,1,0,0,0,0,0,0,0,1,0,0,0,0,0,1
150,151,14:22:07.4231,0,0,0,0,0,0,0,1,0,0,0,0,0,0,0,1,0,0,0,0,0,1
151,152,14:22:07.4236,0,0,0,0,0,0,0,1,0,0,0,0,0,0,0,1,0,0,0,0,0,1
152,153,14:22:07.4241,0,0,0,0,0,0,0,1,0,0,0,0,0,0,0,1,0,0,0,0,0,1
153,154,14:22:07.4246,0,0,0,0,0,0,0,1,0,0,0,0,0,0,0,1,0,0,0,0,0,1
154,155,14:22:07.4252,0,0,0,0,0,0,0,1,0,0,0,0,0,0,0,1,0,0,0,0,0,1
155,156,14:22:07.4257,0,0,0,0,0,0,0,1,0,0,0,0,0,0,0,1,0,0,0,0,0,1
156,157,14:22:07.4262,0,0,0,0,0,0,0,1,0,0,0,0,0,0,0,1,0,0,0,0,0,1
157,158,14:22:07.4267,0,0,0,0,0,0,0,1,0,0,0,0,0,0,0,1,0,0,0,0,0,1
158,159,14:22:07.4272,0,0,0,0,0,0,0,1,0,0,0,0,0,0,0,1,0,0,0,0,0,1
159,160,14:22:07.4278,0,0,0,0,0,0,0,1,0,0,0,0,0,0,0,1,0,0,0,0,0,1
160,161,14:22:07.4283,0,0,0,0,0,0,0,1,0,0,0,0,0,0,0,1,0,0,0,0,0,1
161,162,14:22:07.4288,0,0,0,0,0,0,0,1,0,0,0,0,0,0,0,1,0,0,0,0,0,1
162,163,14:22:07.4293,0,0,0,0,0,0,0,1,0,0,0,0,0,0,0,1,0,0,0,0,0,1
163,164,14:22:07.4298,0,0,0,0,0,0,0,1,0,0,0,0,0,0,0,1,0,0,0,0,0,1
164,165,14:22:07.4304,0,0,0,0,0,0,0,1,0,0,0,0,0,0,0,1,0,0,0,0,0,1
165,166,14:22:07.4309,0,0,0,0,0,0,0,1,0,0,0,0,0,0,0,1,0,0,0,0,0,1
166,167,14:22:07.4314,0,0,0,0,0,0,0,1,0,0,0,0,0,0,0,1,0,0,0,0,0,1
167,168,14:22:07.4319,0,0,0,0,0,0,0,1,0,0,0,0,0,0,0,1,0,0,0,0,0,1
168,169,14:22:07.4325,0,0,0,0,0,0,0,1,0,0,0,0,0,0,0,1,0,0,0,0,0,1
169,170,14:22:07.4330,0,0,0,0,0,0,0,1,0,0,0,0,0,0,0,1,0,0,0,0,0,1
170,171,14:22:07.4335,0,0,0,0,0,0,0,1,0,0,0,0,0,0,0,1,0,0,0,0,0,1
171,172,14:22:07.4340,0,0,0,0,0,0,0,1,0,0,0,0,0,0,0,1,0,0,0,0,0,1
172,173,14:22:07.4345,0,0,0,0,0,0,0,1,0,0,0,0,0,0,0,1,0,0,0,0,0,1
173,174,14:22:07.4351,0,0,0,0,0,0,0,1,0,0,0,0,0,0,0,1,0,0,0,0,0,1
174,175,14:22:07.4356,0,0,0,0,0,0,0,1,0,0,0,0,0,0,0,1,0,0,0,0,0,1
175,176,14:22:07.4361,0,0,0,0,0,0,0,1,0,0,0,0,0,0,0,1,0,0,0,0,0,1
176,177,14:22:07.4366,0,0,0,0,0,0,0,1,0,0,0,0,0,0,0,1,0,0,0,0,0,1
177,178,14:22:07.4371,0,0,0,0,0,0,0,1,0,0,0,0,0,0,0,1,0,0,0,0,0,1
178,179,14:22:07.4377,0,0,0,0,0,0,0,1,0,0,0,0,0,0,0,1,0,0,0,0,0,1
179,180,14:22:07.4382,0,0,0,0,0,0,0,1,0,0,0,0,0,0,0,1,0,0,0,0,0,1
180,181,14:22:07.4387,0,0,0,0,0,0,0,1,0,0,0,0,0,0,0,1,0,0,0,0,0,1
181,182,14:22:07.4392,0,0,0,0,0,0,0,1,0,0,0,0,0,0,0,1,0,0,0,0,0,1
182,183,14:22:07.4397,0,0,0,0,0,0,0,1,0,0,0,0,0,0,0,1,0,0,0,0,0,1
183,184,14:22:07.4403,0,0,0,0,0,0,0,1,0,0,0,0,0,0,0,1,0,0,0,0,0,1
184,185,14:22:07.4408,0,0,0,0,0,0,0,1,0,0,0,0,0,0,0,1,0,0,0,0,0,1
185,186,14:22:07.4413,0,0,0,0,0,0,0,1,0,0,0,0,0,0,0,1,0,0,0,0,0,1
186,187,14:22:07.4418,0,0,0,0,0,0,0,1,0,0,0,0,0,0,0,1,0,0,0,0,0,1
187,188,14:22:07.4423,0,0,0,0,0,0,0,1,0,0,0,0,0,0,0,1,0,0,0,0,0,1
188,189,14:22:07.4429,0,0,0,0,0,0,0,1,0,0,0,0,0,0,0,1,0,0,0,0,0,1
189,190,14:22:07.4434,0,0,0,0,0,0,0,1,0,0,0,0,0,0,0,1,0,0,0,0,0,1
190,191,14:22:07.4439,0,0,0,0,0,0,0,1,0,0,0,0,0,0,0,1,0,0,0,0,0,1
191,192,14:22:07.4444,0,0,0,0,0,0,0,1,0,0,0,0,0,0,0,1,0,0,0,0,0,1
192,193,14:22:07.4450,0,0,0,0,0,0,0,1,0,0,0,0,0,0,0,1,0,0,0,0,0,1
193,194,14:22:07.4455,0,0,0,0,0,0,0,1,0,0,0,0,0,0,0,1,0,0,0,0,0,1
194,195,14:22:07.4460,0,0,0,0,0,0,0,1,0,0,0,0,0,0,0,1,0,0,0,0,0,1
195,196,14:22:07.4465,0,0,0,0,0,0,0,1,0,0,0,0,0,0,0,1,0,0,0,0,0,1
196,197,14:22:07.4470,0,0,0,0,0,0,0,1,0,0,0,0,0,0,0,1,0,0,0,0,0,1
197,198,14:22:07.4476,0,0,0,0,0,0,0,1,0,0,0,0,0,0,0,1,0,0,0,0,0,1
198,199,14:22:07.4481,0,0,0,0,0,0,0,1,0,0,0,0,0,0,0,1,0,0,0,0,0,1
199,200,14:22:07.4486,0,0,0,0,0,0,0,1,0,0,0,0,0,0,0,1,0,0,0,0,0,1
200,201,14:22:07.4491,0,0,0,0,0,0,0,1,0,0,0,0,0,0,0,1,0,0,0,0,0,1
201,202,14:22:07.4496,0,0,0,0,0,0,0,1,0,0,0,0,0,0,0,1,0,0,0,0,0,1
202,203,14:22:07.4502,0,0,0,0,0,0,0,1,0,0,0,0,0,0,0,1,0,0,0,0,0,1
203,204,14:22:07.4507,0,0,0,0,0,0,0,1,0,0,0,0,0,0,0,1,0,0,0,0,0,1
204,205,14:22:07.4512,0,0,0,0,0,0,0,1,0,0,0,0,0,0,0,1,0,0,0,0,0,1
205,206,14:22:07.4517,0,0,0,0,0,0,0,1,0,0,0,0,0,0,0,1,0,0,0,0,0,1
206,207,14:22:07.4522,0,0,0,0,0,0,0,1,0,0,0,0,0,0,0,1,0,0,0,0,0,1
207,208,14:22:07.4528,0,0,0,0,0,0,0,1,0,0,0,0,0,0,0,1,0,0,0,0,0,1
208,209,14:22:07.4533,0,0,0,0,0,0,0,1,0,0,0,0,0,0,0,1,0,0,0,0,0,1
209,210,14:22:07.4538,0,0,0,0,0,0,0,1,0,0,0,0,0,0,0,1,0,0,0,0,0,1
210,211,14:22:07.4543,0,0,0,0,0,0,0,1,0,0,0,0,0,0,0,1,0,0,0,0,0,1
211,212,14:22:07.4548,0,0,0,0,0,0,0,1,0,0,0,0,0,0,0,1,0,0,0,0,0,1
212,213,14:22:07.4554,0,0,0,0,0,0,0,1,0,0,0,0,0,0,0,1,0,0,0,0,0,1
213,214,14:22:07.4559,0,0,0,0,0,0,0,1,0,0,0,0,0,0,0,1,0,0,0,0,0,1
214,215,14:22:07.4564,0,0,0,0,0,0,0,1,0,0,0,0,0,0,0,1,0,0,0,0,0,1
215,216,14:22:07.4569,0,0,0,0,0,0,0,1,0,0,0,0,0,0,0,1,0,0,0,0,0,1
216,217,14:22:07.4575,0,0,0,0,0,0,0,1,0,0,0,0,0,0,0,1,0,0,0,0,0,1
217,218,14:22:07.4580,0,0,0,0,0,0,0,1,0,0,0,0,0,0,0,1,0,0,0,0,0,1
218,219,14:22:07.4585,0,0,0,0,0,0,0,1,0,0,0,0,0,0,0,1,0,0,0,0,0,1
219,220,14:22:07.4590,0,0,0,0,0,0,0,1,0,0,0,0,0,0,0,1,0,0,0,0,0,1
220,221,14:22:07.4595,0,0,0,0,0,0,0,1,0,0,0,0,0,0,0,1,0,0,0,0,0,1
221,222,14:22:07.4601,0,0,0,0,0,0,0,1,0,0,0,0,0,0,0,1,0,0,0,0,0,1
222,223,14:22:07.4606,0,0,0,0,0,0,0,1,0,0,0,0,0,0,0,1,0,0,0,0,0,1
223,224,14:22:07.4611,0,0,0,0,0,0,0,1,0,0,0,0,0,0,0,1,0,0,0,0,0,1
224,225,14:22:07.4616,0,0,0,0,0,0,0,1,0,0,0,0,0,0,0,1,0,0,0,0,0,1
225,226,14:22:07.4621,0,0,0,0,0,0,0,1,0,0,0,0,0,0,0,1,0,0,0,0,0,1
226,227,14:22:07.4627,0,0,0,0,0,0,0,1,0,0,0,0,0,0,0,1,0,0,0,0,0,1
227,228,14:22:07.4632,0,0,0,0,0,0,0,1,0,0,0,0,0,0,0,1,0,0,0,0,0,1
228,229,14:22:07.4637,0,0,0,0,0,0,0,1,0,0,0,0,0,0,0,1,0,0,0,0,0,1
229,230,14:22:07.4642,0,0,0,0,0,0,0,1,0,0,0,0,0,0,0,1,0,0,0,0,0,1
230,231,14:22:07.4647,0,0,0,0,0,0,0,1,0,0,0,0,0,0,0,1,0,0,0,0,0,1
231,232,14:22:07.4653,0,0,0,0,0,0,0,1,0,0,0,0,0,0,0,1,0,0,0,0,0,1
232,233,14:22:07.4658,0,0,0,0,0,0,0,1,0,0,0,0,0,0,0,1,0,0,0,0,0,1
233,234,14:22:07.4663,0,0,0,0,0,0,0,1,0,0,0,0,0,0,0,1,0,0,0,0,0,1
234,235,14:22:07.4668,0,0,0,0,0,0,0,1,0,0,0,0,0,0,0,1,0,0,0,0,0,1
235,236,14:22:07.4673,0,0,0,0,0,0,0,1,0,0,0,0,0,0,0,1,0,0,0,0,0,1
236,237,14:22:07.4679,0,0,0,0,0,0,0,1,0,0,0,0,0,0,0,1,0,0,0,0,0,1
237,238,14:22:07.4684,0,0,0,0,0,0,0,1,0,0,0,0,0,0,0,1,0,0,0,0,0,1
238,239,14:22:07.4689,0,0,0,0,0,0,0,1,0,0,0,0,0,0,0,1,0,0,0,0,0,1
239,240,14:22:07.4694,0,0,0,0,0,0,0,1,0,0,0,0,0,0,0,1,0,0,0,0,0,1
240,241,14:22:07.4700,0,0,0,0,0,0,0,1,0,0,0,0,0,0,0,1,0,0,0,0,0,1
241,242,14:22:07.4705,0,0,0,0,0,0,0,1,0,0,0,0,0,0,0,1,0,0,0,0,0,1
242,243,14:22:07.4710,0,0,0,0,0,0,0,1,0,0,0,0,0,0,0,1,0,0,0,0,0,1
243,244,14:22:07.4715,0,0,0,0,0,0,0,1,0,0,0,0,0,0,0,1,0,0,0,0,0,1
244,245,14:22:07.4720,0,0,0,0,0,0,0,1,0,0,0,0,0,0,0,1,0,0,0,0,0,1
245,246,14:22:07.4726,0,0,0,0,0,0,0,1,0,0,0,0,0,0,0,1,0,0,0,0,0,1
246,247,14:22:07.4731,0,0,0,0,0,0,0,1,0,0,0,0,0,0,0,1,0,0,0,0,0,1
247,248,14:22:07.4736,0,0,0,0,0,0,0,1,0,0,0,0,0,0,0,1,0,0,0,0,0,1
248,249,14:22:07.4741,0,0,0,0,0,0,0,1,0,0,0,0,0,0,0,1,0,0,0,0,0,1
249,250,14:22:07.4746,0,0,0,0,0,0,0,1,0,0,0,0,0,0,0,1,0,0,0,0,0,1
250,251,14:22:07.4752,0,0,0,0,0,0,0,1,0,0,0,0,0,0,0,1,0,0,0,0,0,1
251,252,14:22:07.4757,0,0,0,0,0,0,0,1,0,0,0,0,0,0,0,1,0,0,0,0,0,1
252,253,14:22:07.4762,0,0,0,0,0,0,0,1,0,0,0,0,0,0,0,1,0,0,0,0,0,1
253,254,14:22:07.4767,0,0,0,0,0,0,0,1,0,0,0,0,0,0,0,1,0,0,0,0,0,1
254,255,14:22:07.4772,0,0,0,0,0,0,0,1,0,0,0,0,0,0,0,1,0,0,0,0,0,1
255,256,14:22:07.4778,0,0,0,0,0,0,0,1,0,0,0,0,0,0,0,1,0,0,0,0,0,1
256,257,14:22:07.4783,0,0,0,0,0,0,0,1,0,0,0,0,0,0,0,1,0,0,0,0,0,1
257,258,14:22:07.4788,0,0,0,0,0,0,0,1,0,0,0,0,0,0,0,1,0,0,0,0,0,1
258,259,14:22:07.4793,0,0,0,0,0,0,0,1,0,0,0,0,0,0,0,1,0,0,0,0,0,1
259,260,14:22:07.4798,0,0,0,0,0,0,0,1,0,0,0,0,0,0,0,1,0,0,0,0,0,1
260,261,14:22:07.4804,0,0,0,0,0,0,0,1,0,0,0,0,0,0,0,1,0,0,0,0,0,1
261,262,14:22:07.4809,0,0,0,0,0,0,0,1,0,0,0,0,0,0,0,1,0,0,0,0,0,1
262,263,14:22:07.4814,0,0,0,0,0,0,0,1,0,0,0,0,0,0,0,1,0,0,0,0,0,1
263,264,14:22:07.4819,0,0,0,0,0,0,0,1,0,0,0,0,0,0,0,1,0,0,0,0,0,1
264,265,14:22:07.4825,0,0,0,0,0,0,0,1,0,0,0,0,0,0,0,1,0,0,0,0,0,1
265,266,14:22:07.4830,0,0,0,0,0,0,0,1,0,0,0,0,0,0,0,1,0,0,0,0,0,1
266,267,14:22:07.4835,0,0,0,0,0,0,0,1,0,0,0,0,0,0,0,1,0,0,0,0,0,1
267,268,14:22:07.4840,0,0,0,0,0,0,0,1,0,0,0,0,0,0,0,1,0,0,0,0,0,1
268,269,14:22:07.4845,0,0,0,0,0,0,0,1,0,0,0,0,0,0,0,1,0,0,0,0,0,1
269,270,14:22:07.4851,0,0,0,0,0,0,0,1,0,0,0,0,0,0,0,1,0,0,0,0,0,1
270,271,14:22:07.4856,0,0,0,0,0,0,0,1,0,0,0,0,0,0,0,1,0,0,0,0,0,1
271,272,14:22:07.4861,0,0,0,0,0,0,0,1,0,0,0,0,0,0,0,1,0,0,0,0,0,1
272,273,14:22:07.4866,0,0,0,0,0,0,0,1,0,0,0,0,0,0,0,1,0,0,0,0,0,1
273,274,14:22:07.4871,0,0,0,0,0,0,0,1,0,0,0,0,0,0,0,1,0,0,0,0,0,1
274,275,14:22:07.4877,0,0,0,0,0,0,0,1,0,0,0,0,0,0,0,1,0,0,0,0,0,1
275,276,14:22:07.4882,0,0,0,0,0,0,0,1,0,0,0,0,0,0,0,1,0,0,0,0,0,1
276,277,14:22:07.4887,0,0,0,0,0,0,0,1,0,0,0,0,0,0,0,1,0,0,0,0,0,1
277,278,14:22:07.4892,0,0,0,0,0,0,0,1,0,0,0,0,0,0,0,1,0,0,0,0,0,1
278,279,14:22:07.4897,0,0,0,0,0,0,0,1,0,0,0,0,0,0,0,1,0,0,0,0,0,1
279,280,14:22:07.4903,0,0,0,0,0,0,0,1,0,0,0,0,0,0,0,1,0,0,0,0,0,1
280,281,14:22:07.4908,0,0,0,0,0,0,0,1,0,0,0,0,0,0,0,1,0,0,0,0,0,1
281,282,14:22:07.4913,0,0,0,0,0,0,0,1,0,0,0,0,0,0,0,1,0,0,0,0,0,1
282,283,14:22:07.4918,0,0,0,0,0,0,0,1,0,0,0,0,0,0,0,1,0,0,0,0,0,1
283,284,14:22:07.4923,0,0,0,0,0,0,0,1,0,0,0,0,0,0,0,1,0,0,0,0,0,1
284,285,14:22:07.4929,0,0,0,0,0,0,0,1,0,0,0,0,0,0,0,1,0,0,0,0,0,1
285,286,14:22:07.4934,0,0,0,0,0,0,0,1,0,0,0,0,0,0,0,1,0,0,0,0,0,1
286,287,14:22:07.4939,0,0,0,0,0,0,0,1,0,0,0,0,0,0,0,1,0,0,0,0,0,1
287,288,14:22:07.4944,0,0,0,0,0,0,0,1,0,0,0,0,0,0,0,1,0,0,0,0,0,1
288,289,14:22:07.4950,0,0,0,0,0,0,0,1,0,0,0,0,0,0,0,1,0,0,0,0,0,1
289,290,14:22:07.4955,0,0,0,0,0,0,0,1,0,0,0,0,0,0,0,1,0,0,0,0,0,1
290,291,14:22:07.4960,0,0,0,0,0,0,0,1,0,0,0,0,0,0,0,1,0,0,0,0,0,1
291,292,14:22:07.4965,0,0,0,0,0,0,0,1,0,0,0,0,0,0,0,1,0,0,0,0,0,1
292,293,14:22:07.4970,0,0,0,0,0,0,0,1,0,0,0,0,0,0,0,1,0,0,0,0,0,1
293,294,14:22:07.4976,0,0,0,0,0,0,0,1,0,0,0,0,0,0,0,1,0,0,0,0,0,1
294,295,14:22:07.4981,0,0,0,0,0,0,0,1,0,0,0,0,0,0,0,1,0,0,0,0,0,1
295,296,14:22:07.4986,0,0,0,0,0,0,0,1,0,0,0,0,0,0,0,1,0,0,0,0,0,1
296,297,14:22:07.4991,0,0,0,0,0,0,0,1,0,0,0,0,0,0,0,1,0,0,0,0,0,1
297,298,14:22:07.4996,0,0,0,0,0,0,0,1,0,0,0,0,0,0,0,1,0,0,0,0,0,1
298,299,14:22:07.5002,0,0,0,0,0,0,0,1,0,0,0,0,0,0,0,1,0,0,0,0,0,1
299,300,14:22:07.5007,0,0,0,0,0,0,0,1,0,0,0,0,0,0,0,1,0,0,0,0,0,1
300,301,14:22:07.5012,0,0,0,0,0,0,0,1,0,0,0,0,0,0,0,1,0,0,0,0,0,1
301,302,14:22:07.5017,0,0,0,0,0,0,0,1,0,0,0,0,0,0,0,1,0,0,0,0,0,1
302,303,14:22:07.5022,0,0,0,0,0,0,0,1,0,0,0,0,0,0,0,1,0,0,0,0,0,1
303,304,14:22:07.5028,0,0,0,0,0,0,0,1,0,0,0,0,0,0,0,1,0,0,0,0,0,1
304,305,14:22:07.5033,0,0,0,0,0,0,0,1,0,0,0,0,0,0,0,1,0,0,0,0,0,1
305,306,14:22:07.5038,0,0,0,0,0,0,0,1,0,0,0,0,0,0,0,1,0,0,0,0,0,1
306,307,14:22:07.5043,0,0,0,0,0,0,0,1,0,0,0,0,0,0,0,1,0,0,0,0,0,1
307,308,14:22:07.5048,0,0,0,0,0,0,0,1,0,0,0,0,0,0,0,1,0,0,0,0,0,1
308,309,14:22:07.5054,0,0,0,0,0,0,0,1,0,0,0,0,0,0,0,1,0,0,0,0,0,1
309,310,14:22:07.5059,0,0,0,0,0,0,0,1,0,0,0,0,0,0,0,1,0,0,0,0,0,1
310,311,14:22:07.5064,0,0,0,0,0,0,0,1,0,0,0,0,0,0,0,1,0,0,0,0,0,1
311,312,14:22:07.5069,0,0,0,0,0,0,0,1,0,0,0,0,0,0,0,1,0,0,0,0,0,1
312,313,14:22:07.5075,0,0,0,0,0,0,0,1,0,0,0,0,0,0,0,1,0,0,0,0,0,1
313,314,14:22:07.5080,0,0,0,0,0,0,0,1,0,0,0,0,0,0,0,1,0,0,0,0,0,1
314,315,14:22:07.5085,0,0,0,0,0,0,0,1,0,0,0,0,0,0,0,1,0,0,0,0,0,1
315,316,14:22:07.5090,0,0,0,0,0,0,0,1,0,0,0,0,0,0,0,1,0,0,0,0,0,1
316,317,14:22:07.5095,0,0,0,0,0,0,0,1,0,0,0,0,0,0,0,1,0,0,0,0,0,1
317,318,14:22:07.5101,0,0,0,0,0,0,0,1,0,0,0,0,0,0,0,1,0,0,0,0,0,1
318,319,14:22:07.5106,0,0,0,0,0,0,0,1,0,0,0,0,0,0,0,1,0,0,0,0,0,1
319,320,14:22:07.5111,0,0,0,0,0,0,0,1,0,0,0,0,0,0,0,1,0,0,0,0,0,1
320,321,14:22:07.5116,0,0,0,0,0,0,0,1,0,0,0,0,0,0,0,1,0,0,0,0,0,1
321,322,14:22:07.5121,0,0,0,0,0,0,0,1,0,0,0,0,0,0,0,1,0,0,0,0,0,1
322,323,14:22:07.5127,0,0,0,0,0,0,0,1,0,0,0,0,0,0,0,1,0,0,0,0,0,1
323,324,14:22:07.5132,0,0,0,0,0,0,0,1,0,0,0,0,0,0,0,1,0,0,0,0,0,1
324,325,14:22:07.5137,0,0,0,0,0,0,0,1,0,0,0,0,0,0,0,1,0,0,0,0,0,1
325,326,14:22:07.5142,0,0,0,0,0,0,0,1,0,0,0,0,0,0,0,1,0,0,0,0,0,1
326,327,14:22:07.5147,0,0,0,0,0,0,0,1,0,0,0,0,0,0,0,1,0,0,0,0,0,1
327,328,14:22:07.5153,0,0,0,0,0,0,0,1,0,0,0,0,0,0,0,1,0,0,0,0,0,1
328,329,14:22:07.5158,0,0,0,0,0,0,0,1,0,0,0,0,0,0,0,1,0,0,0,0,0,1
329,330,14:22:07.5163,0,0,0,0,0,0,0,1,0,0,0,0,0,0,0,1,0,0,0,0,0,1
330,331,14:22:07.5168,0,0,0,0,0,0,0,1,0,0,0,0,0,0,0,1,0,0,0,0,0,1
331,332,14:22:07.5173,0,0,0,0,0,0,0,1,0,0,0,0,0,0,0,1,0,0,0,0,0,1
332,333,14:22:07.5179,0,0,0,0,0,0,0,1,0,0,0,0,0,0,0,1,0,0,0,0,0,1
333,334,14:22:07.5184,0,0,0,0,0,0,0,1,0,0,0,0,0,0,0,1,0,0,0,0,0,1
334,335,14:22:07.5189,0,0,0,0,0,0,0,1,0,0,0,0,0,0,0,1,0,0,0,0,0,1
335,336,14:22:07.5194,0,0,0,0,0,0,0,1,0,0,0,0,0,0,0,1,0,0,0,0,0,1
336,337,14:22:07.5200,0,0,0,0,0,0,0,1,0,0,0,0,0,0,0,1,0,0,0,0,0,1
337,338,14:22:07.5205,0,0,0,0,0,0,0,1,0,0,0,0,0,0,0,1,0,0,0,0,0,1
338,339,14:22:07.5210,0,0,0,0,0,0,0,1,0,0,0,0,0,0,0,1,0,0,0,0,0,1
339,340,14:22:07.5215,0,0,0,0,0,0,0,1,0,0,0,0,0,0,0,1,0,0,0,0,0,1
340,341,14:22:07.5220,0,0,0,0,0,0,0,1,0,0,0,0,0,0,0,1,0,0,0,0,0,1
341,342,14:22:07.5226,0,0,0,0,0,0,0,1,0,0,0,0,0,0,0,1,0,0,0,0,0,1
342,343,14:22:07.5231,0,0,0,0,0,0,0,1,0,0,0,0,0,0,0,1,0,0,0,0,0,1
343,344,14:22:07.5236,0,0,0,0,0,0,0,1,0,0,0,0,0,0,0,1,0,0,0,0,0,1
344,345,14:22:07.5241,0,0,0,0,0,0,0,1,0,0,0,0,0,0,0,1,0,0,0,0,0,1
345,346,14:22:07.5246,0,0,0,0,0,0,0,1,0,0,0,0,0,0,0,1,0,0,0,0,0,1
346,347,14:22:07.5252,0,0,0,0,0,0,0,1,0,0,0,0,0,0,0,1,0,0,0,0,0,1
347,348,14:22:07.5257,0,0,0,0,0,0,0,1,0,0,0,0,0,0,0,1,0,0,0,0,0,1
348,349,14:22:07.5262,0,0,0,0,0,0,0,1,0,0,0,0,0,0,0,1,0,0,0,0,0,1
349,350,14:22:07.5267,0,0,0,0,0,0,0,1,0,0,0,0,0,0,0,1,0,0,0,0,0,1
350,351,14:22:07.5272,0,0,0,0,0,0,0,1,0,0,0,0,0,0,0,1,0,0,0,0,0,1
351,352,14:22:07.5278,0,1,0,0,0,1,0,1,0,0,0,0,0,0,0,1,0,1,1,0,0,1
352,353,14:22:07.5283,0,1,0,0,0,1,0,1,0,0,0,0,0,0,0,1,0,1,1,0,0,1
353,354,14:22:07.5288,0,1,0,0,0,1,0,1,0,0,0,0,0,0,0,1,0,1,1,0,0,1
354,355,14:22:07.5293,0,1,0,0,0,1,0,1,0,0,0,0,0,0,0,1,0,1,1,0,0,1
355,356,14:22:07.5298,0,1,0,0,0,1,0,1,0,0,0,0,0,0,0,1,0,1,1,0,0,1
356,357,14:22:07.5304,0,1,0,0,0,1,0,1,0,0,0,0,0,0,0,1,0,1,1,0,0,1
357,358,14:22:07.5309,0,1,0,0,0,1,0,1,0,0,0,0,0,0,0,1,0,1,1,0,0,1
358,359,14:22:07.5314,0,1,0,0,0,1,0,1,0,0,0,0,0,0,0,1,0,1,1,0,0,1
359,360,14:22:07.5319,0,1,0,0,0,1,0,1,0,0,0,0,0,0,0,1,0,1,1,0,0,1
360,361,14:22:07.5325,0,1,0,0,0,1,0,1,0,0,0,0,0,0,0,1,0,1,1,0,0,1
361,362,14:22:07.5330,0,1,0,0,0,1,0,1,0,0,0,0,0,0,0,1,0,1,1,0,0,1
362,363,14:22:07.5335,0,1,0,0,0,1,0,1,0,0,0,0,0,0,0,1,0,1,1,0,0,1
363,364,14:22:07.5340,0,1,0,0,0,1,0,1,0,0,0,1,0,0,0,1,0,1,1,0,0,1
364,365,14:22:07.5345,0,1,0,0,0,1,0,1,0,0,0,1,0,0,0,1,0,1,1,0,0,1
365,366,14:22:07.5351,0,1,0,0,0,1,0,1,0,0,0,1,0,0,0,1,0,1,1,0,0,1
366,367,14:22:07.5356,0,1,0,0,0,1,0,1,0,0,0,1,0,0,0,1,0,1,1,0,0,1
367,368,14:22:07.5361,0,1,0,0,0,1,0,1,0,0,0,1,0,0,0,1,0,1,1,0,0,1
368,369,14:22:07.5366,0,1,0,0,0,1,0,1,0,0,0,1,0,0,0,1,0,1,1,0,0,1
369,370,14:22:07.5371,0,1,0,0,0,1,0,1,0,0,0,1,0,0,0,1,0,1,1,0,0,1
370,371,14:22:07.5377,0,1,0,0,0,1,0,1,0,0,0,1,0,0,0,1,0,1,1,0,0,1
371,372,14:22:07.5382,0,1,0,0,0,1,0,1,0,0,0,1,0,0,0,1,0,1,1,0,0,1
372,373,14:22:07.5387,0,1,0,0,0,1,0,1,0,0,0,1,0,0,0,1,0,1,1,0,0,1
373,374,14:22:07.5392,0,1,0,0,0,1,0,1,0,0,0,1,0,0,0,1,0,1,1,0,0,1
374,375,14:22:07.5397,0,1,0,0,0,1,0,1,0,0,0,1,0,0,0,1,0,1,1,0,0,1
375,376,14:22:07.5403,0,1,0,0,0,1,0,1,0,0,0,1,0,0,0,1,0,1,1,0,0,1
376,377,14:22:07.5408,0,1,0,0,0,1,0,1,0,0,0,1,0,0,0,1,0,1,1,0,0,1
377,378,14:22:07.5413,0,1,0,0,0,1,0,1,0,0,0,1,0,0,0,1,0,1,1,0,0,1
378,379,14:22:07.5418,0,1,0,0,0,1,0,1,0,0,0,1,0,0,0,1,0,1,1,0,0,1
379,380,14:22:07.5423,0,1,0,0,0,1,0,1,0,0,0,1,0,0,0,1,0,1,1,0,0,1
380,381,14:22:07.5429,0,1,0,0,0,1,0,1,0,0,0,1,0,0,0,1,0,1,1,0,0,1
381,382,14:22:07.5434,0,1,0,0,0,1,0,1,0,0,0,1,0,0,0,1,0,1,1,0,0,1
382,383,14:22:07.5439,0,1,0,0,0,1,0,1,0,0,0,1,0,0,0,1,0,1,1,0,0,1
383,384,14:22:07.5444,0,1,0,0,0,1,0,1,0,0,0,1,0,0,0,1,0,1,1,0,0,1
384,385,14:22:07.5450,0,1,0,0,0,1,0,1,0,0,0,1,0,0,0,1,0,1,1,0,0,1
385,386,14:22:07.5455,0,1,0,0,0,1,0,1,0,0,0,1,0,0,0,1,0,1,1,0,0,1
386,387,14:22:07.5460,0,1,0,0,0,1,0,1,0,0,0,1,0,0,0,1,0,1,1,0,0,1
387,388,14:22:07.5465,0,1,0,0,0,1,0,1,0,0,0,1,0,0,0,1,0,1,1,0,0,1
388,389,14:22:07.5470,0,1,0,0,0,1,0,1,0,0,0,1,0,0,0,1,0,1,1,0,0,1
389,390,14:22:07.5476,0,1,0,0,0,1,0,1,0,0,0,1,0,0,0,1,0,1,1,0,0,1
390,391,14:22:07.5481,0,1,0,0,0,1,0,1,0,0,0,1,0,0,0,1,0,1,1,0,0,1
391,392,14:22:07.5486,0,1,0,0,0,1,0,1,0,0,0,1,0,0,0,1,0,1,1,0,0,1
392,393,14:22:07.5491,0,1,0,0,0,1,0,1,0,0,0,1,0,0,0,1,0,1,1,0,0,1
393,394,14:22:07.5496,0,1,0,0,0,1,0,1,0,0,0,1,0,0,0,1,0,1,1,0,0,1
394,395,14:22:07.5502,0,1,0,0,0,1,0,1,0,0,0,1,1,1,0,1,0,1,1,0,0,1
395,396,14:22:07.5507,0,1,0,0,0,1,0,1,0,0,0,1,1,1,0,1,0,1,1,0,0,1
396,397,14:22:07.5512,0,1,0,0,0,1,0,1,0,0,0,1,1,1,0,1,0,1,1,0,0,1
397,398,14:22:07.5517,0,1,0,0,0,1,0,1,0,0,0,1,1,1,0,1,0,1,1,0,0,1
398,399,14:22:07.5522,0,1,0,0,0,1,0,1,0,0,0,1,1,1,0,1,0,1,1,0,0,1
399,400,14:22:07.5528,0,1,0,0,0,1,0,1,0,0,0,1,1,1,0,1,0,1,1,0,0,1
400,401,14:22:07.5533,0,1,0,0,0,1,0,1,0,0,0,1,1,1,0,1,0,1,1,0,0,1
401,402,14:22:07.5538,0,1,0,0,0,1,0,1,0,0,0,1,1,1,0,1,0,1,1,0,0,1
402,403,14:22:07.5543,0,1,0,0,0,1,0,1,0,0,0,1,1,1,0,1,0,1,1,0,0,1
403,404,14:22:07.5548,0,1,0,0,0,1,0,1,0,0,0,1,1,1,0,1,0,1,1,0,0,1
404,405,14:22:07.5554,0,1,0,0,0,1,0,1,0,0,0,1,1,1,0,1,0,1,1,0,0,1
405,406,14:22:07.5559,0,1,0,0,0,1,0,1,0,0,0,1,1,1,0,1,0,1,1,0,0,1
406,407,14:22:07.5564,0,1,0,1,0,1,1,1,0,0,0,1,1,1,0,1,0,1,1,1,1,1
407,408,14:22:07.5569,0,1,0,1,0,1,1,1,0,0,0,1,1,1,0,1,0,1,1,1,1,1
408,409,14:22:07.5575,0,1,0,1,0,1,1,1,0,0,0,1,1,1,0,1,0,1,1,1,1,1
409,410,14:22:07.5580,0,1,0,1,0,1,1,1,0,0,0,1,1,1,0,1,0,1,1,1,1,1
410,411,14:22:07.5585,0,1,0,1,0,1,1,1,0,0,0,1,1,1,0,1,0,1,1,1,1,1
411,412,14:22:07.5590,0,1,0,1,0,1,1,1,0,0,0,1,1,1,0,1,0,1,1,1,1,1
412,413,14:22:07.5595,0,1,0,1,0,1,1,1,0,0,0,1,1,1,0,1,0,1,1,1,1,1
413,414,14:22:07.5601,0,1,0,1,0,1,1,1,0,0,0,1,1,1,0,1,0,1,1,1,1,1
414,415,14:22:07.5606,0,1,0,1,0,1,1,1,0,0,0,1,1,1,0,1,0,1,1,1,1,1
415,416,14:22:07.5611,0,1,0,1,0,1,1,1,0,0,0,1,1,1,0,1,0,1,1,1,1,1
416,417,14:22:07.5616,0,1,0,1,0,1,1,1,0,0,0,1,1,1,0,1,0,1,1,1,1,1
417,418,14:22:07.5621,0,1,0,1,0,1,1,1,0,0,0,1,1,1,0,1,0,1,1,1,1,1
418,419,14:22:07.5627,0,1,0,1,0,1,1,1,0,0,0,1,1,1,0,1,0,1,1,1,1,1
419,420,14:22:07.5632,0,1,0,1,0,1,1,1,0,0,0,1,1,1,0,1,0,1,1,1,1,1
420,421,14:22:07.5637,0,1,0,1,0,1,1,1,0,0,0,1,1,1,0,1,0,1,1,1,1,1
421,422,14:22:07.5642,0,1,0,1,0,1,1,1,0,0,0,1,1,1,0,1,0,1,1,1,1,1
422,423,14:22:07.5647,0,1,0,1,0,1,1,1,0,0,0,1,1,1,0,1,0,1,1,1,1,1
423,424,14:22:07.5653,0,1,0,1,0,1,1,1,0,0,0,1,1,1,0,1,0,1,1,1,1,1
424,425,14:22:07.5658,0,1,0,1,0,1,1,1,0,0,0,1,1,1,0,1,0,1,1,1,1,1
425,426,14:22:07.5663,0,1,0,1,0,1,1,1,0,0,0,1,1,1,0,1,0,1,1,1,1,1
426,427,14:22:07.5668,0,1,0,1,0,1,1,1,0,0,0,1,1,1,0,1,0,1,1,1,1,1
427,428,14:22:07.5673,0,1,0,1,0,1,1,1,0,0,0,1,1,1,0,1,0,1,1,1,1,1
428,429,14:22:07.5679,0,1,0,1,0,1,1,1,0,0,0,1,1,1,0,1,0,1,1,1,1,1
429,430,14:22:07.5684,0,1,0,1,0,1,1,1,0,0,0,1,1,1,0,1,0,1,1,1,1,1
430,431,14:22:07.5689,0,1,0,1,0,1,1,1,0,0,0,1,1,1,0,1,0,1,1,1,1,1
431,432,14:22:07.5694,0,1,0,1,0,1,1,1,0,0,0,1,1,1,0,1,0,1,1,1,1,1
432,433,14:22:07.5700,0,1,0,1,0,1,1,1,0,0,0,1,1,1,0,1,0,1,1,1,1,1
433,434,14:22:07.5705,0,1,0,1,0,1,1,1,0,0,0,1,1,1,0,1,0,1,1,1,1,1
434,435,14:22:07.5710,0,1,0,1,0,1,1,1,0,0,0,1,1,1,0,1,0,1,1,1,1,1
435,436,14:22:07.5715,0,1,0,1,0,1,1,1,0,0,0,1,1,1,0,1,0,1,1,1,1,1
436,437,14:22:07.5720,0,1,0,1,0,1,1,1,0,0,0,1,1,1,0,1,0,1,1,1,1,1
437,438,14:22:07.5726,0,1,0,1,0,1,1,1,0,0,0,1,1,1,0,1,0,1,1,1,1,1
438,439,14:22:07.5731,0,1,0,1,0,1,1,1,0,0,0,1,1,1,0,1,0,1,1,1,1,1
439,440,14:22:07.5736,0,1,0,1,0,1,1,1,0,0,0,1,1,1,0,1,0,1,1,1,1,1
440,441,14:22:07.5741,0,1,0,1,0,1,1,1,0,0,0,1,1,1,0,1,0,1,1,1,1,1
441,442,14:22:07.5746,0,1,0,1,0,1,1,1,0,0,0,1,1,1,0,1,0,1,1,1,1,1
442,443,14:22:07.5752,0,1,0,1,0,1,1,1,0,0,0,1,1,1,0,1,0,1,1,1,1,1
443,444,14:22:07.5757,0,1,0,1,0,1,1,1,0,0,0,1,1,1,0,1,0,1,1,1,1,1
444,445,14:22:07.5762,0,1,0,1,0,1,1,1,0,0,0,1,1,1,0,1,0,1,1,1,1,1
445,446,14:22:07.5767,0,1,0,1,0,1,1,1,0,0,0,1,1,1,0,1,0,1,1,1,1,1
446,447,14:22:07.5772,0,0,0,1,0,0,1,1,0,0,0,1,1,1,0,1,0,0,0,1,1,1
447,448,14:22:07.5778,0,0,0,1,0,0,1,1,0,0,0,1,1,1,0,1,0,0,0,1,1,1
448,449,14:22:07.5783,0,0,0,1,0,0,1,1,0,0,0,1,1,1,0,1,0,0,0,1,1,1
449,450,14:22:07.5788,0,0,0,1,0,0,1,1,0,0,0,1,1,1,0,1,0,0,0,1,1,1
450,451,14:22:07.5793,0,0,0,1,0,0,1,1,0,0,0,1,1,1,0,1,0,0,0,1,1,1
451,452,14:22:07.5798,0,0,0,1,0,0,1,1,0,0,0,1,1,1,0,1,0,0,0,1,1,1
452,453,14:22:07.5804,0,0,0,1,0,0,1,1,0,0,0,1,1,1,0,1,0,0,0,1,1,1
453,454,14:22:07.5809,0,0,0,1,0,0,1,1,0,0,0,1,1,1,0,1,0,0,0,1,1,1
454,455,14:22:07.5814,0,0,0,1,0,0,1,1,0,0,0,1,1,1,0,1,0,0,0,1,1,1
455,456,14:22:07.5819,0,0,0,1,0,0,1,1,0,0,0,1,1,1,0,1,0,0,0,1,1,1
456,457,14:22:07.5825,0,0,0,1,0,0,1,1,0,0,0,1,1,1,0,1,0,0,0,1,1,1
457,458,14:22:07.5830,0,0,0,1,0,0,1,1,0,0,0,1,1,1,0,1,0,0,0,1,1,1
458,459,14:22:07.5835,0,0,0,1,0,0,1,1,0,0,0,0,0,0,0,1,0,0,0,1,1,1
459,460,14:22:07.5840,0,0,0,1,0,0,1,1,0,0,0,0,0,0,0,1,0,0,0,1,1,1
460,461,14:22:07.5845,0,0,0,1,0,0,1,1,0,0,0,0,0,0,0,1,0,0,0,1,1,1
461,462,14:22:07.5851,0,0,0,1,0,0,1,1,0,0,0,0,0,0,0,1,0,0,0,1,1,1
462,463,14:22:07.5856,0,0,0,1,0,0,1,1,0,0,0,0,0,0,0,1,0,0,0,1,1,1
463,464,14:22:07.5861,0,0,0,1,0,0,1,1,0,0,0,0,0,0,0,1,0,0,0,1,1,1
464,465,14:22:07.5866,0,0,0,1,0,0,1,1,0,0,0,0,0,0,0,1,0,0,0,1,1,1
465,466,14:22:07.5871,0,0,0,1,0,0,1,1,0,0,0,0,0,0,0,1,0,0,0,1,1,1
466,467,14:22:07.5877,0,0,0,1,0,0,1,1,0,0,0,0,0,0,0,1,0,0,0,1,1,1
467,468,14:22:07.5882,0,0,0,1,0,0,1,1,0,0,0,0,0,0,0,1,0,0,0,1,1,1
468,469,14:22:07.5887,0,0,0,1,0,0,1,1,0,0,0,0,0,0,0,1,0,0,0,1,1,1
469,470,14:22:07.5892,0,0,0,1,0,0,1,1,0,0,0,0,0,0,0,1,0,0,0,1,1,1
470,471,14:22:07.5897,0,0,0,0,0,0,1,1,0,0,0,0,0,0,0,1,0,0,0,0,1,1
471,472,14:22:07.5903,0,0,0,0,0,0,1,1,0,0,0,0,0,0,0,1,0,0,0,0,1,1
472,473,14:22:07.5908,0,0,0,0,0,0,1,1,0,0,0,0,0,0,0,1,0,0,0,0,1,1
473,474,14:22:07.5913,0,0,0,0,0,0,1,1,0,0,0,0,0,0,0,1,0,0,0,0,1,1
474,475,14:22:07.5918,0,0,0,0,0,0,1,1,0,0,0,0,0,0,0,1,0,0,0,0,1,1
475,476,14:22:07.5923,0,0,0,0,0,0,1,1,0,0,0,0,0,0,0,1,0,0,0,0,1,1
476,477,14:22:07.5929,0,0,0,0,0,0,1,1,0,0,0,0,0,0,0,1,0,0,0,0,1,1
477,478,14:22:07.5934,0,0,0,0,0,0,1,1,0,0,0,0,0,0,0,1,0,0,0,0,1,1
478,479,14:22:07.5939,0,0,0,0,0,0,1,1,0,0,0,0,0,0,0,1,0,0,0,0,1,1
479,480,14:22:07.5944,0,0,0,0,0,0,1,1,0,0,0,0,0,0,0,1,0,0,0,0,1,1
480,481,14:22:07.5950,0,0,0,0,0,0,1,1,0,0,0,0,0,0,0,1,0,0,0,0,1,1
481,482,14:22:07.5955,0,0,0,0,0,0,1,1,0,0,0,0,0,0,0,1,0,0,0,0,1,1
482,483,14:22:07.5960,0,0,0,0,0,0,1,1,0,0,0,0,0,0,0,1,0,0,0,0,1,1
483,484,14:22:07.5965,0,0,0,0,0,0,1,1,0,0,0,0,0,0,0,1,0,0,0,0,1,1
484,485,14:22:07.5970,0,0,0,0,0,0,1,1,0,0,0,0,0,0,0,1,0,0,0,0,1,1
485,486,14:22:07.5976,0,0,0,0,0,0,1,1,0,0,0,0,0,0,0,1,0,0,0,0,1,1
486,487,14:22:07.5981,0,0,0,0,0,0,1,1,0,0,0,0,0,0,0,1,0,0,0,0,1,1
487,488,14:22:07.5986,0,0,0,0,0,0,1,1,0,0,0,0,0,0,0,1,0,0,0,0,1,1
488,489,14:22:07.5991,0,0,0,0,0,0,1,1,0,0,0,0,0,0,0,1,0,0,0,0,1,1
489,490,14:22:07.5996,0,0,0,0,0,0,1,1,0,0,0,0,0,0,0,1,0,0,0,0,1,1
490,491,14:22:07.6002,0,0,0,0,0,0,1,1,0,0,0,0,0,0,0,1,0,0,0,0,1,1
491,492,14:22:07.6007,0,0,0,0,0,0,1,1,0,0,0,0,0,0,0,1,0,0,0,0,1,1
492,493,14:22:07.6012,0,0,0,0,0,0,1,1,0,0,0,0,0,0,0,1,0,0,0,0,1,1
493,494,14:22:07.6017,0,0,0,0,0,0,1,1,0,0,0,0,0,0,0,1,0,0,0,0,1,1
494,495,14:22:07.6022,0,0,0,0,0,0,1,1,0,0,0,0,0,0,0,1,0,0,0,0,1,1
495,496,14:22:07.6028,0,0,0,0,0,0,1,1,0,0,0,0,0,0,0,1,0,0,0,0,1,1
496,497,14:22:07.6033,0,0,0,0,0,0,1,1,0,0,0,0,0,0,0,1,0,0,0,0,1,1
497,498,14:22:07.6038,0,0,0,0,0,0,1,1,0,0,0,0,0,0,0,1,0,0,0,0,1,1
498,499,14:22:07.6043,0,0,0,0,0,0,1,1,0,0,0,0,0,0,0,1,0,0,0,0,1,1
499,500,14:22:07.6048,0,0,0,0,0,0,1,1,0,0,0,0,0,0,0,1,0,0,0,0,1,1
500,501,14:22:07.6054,0,0,0,0,0,0,1,1,0,0,0,0,0,0,0,1,0,0,0,0,1,1
501,502,14:22:07.6059,0,0,0,0,0,0,1,1,0,0,0,0,0,0,0,1,0,0,0,0,1,1
502,503,14:22:07.6064,0,0,0,0,0,0,1,0,0,0,0,0,0,0,0,1,0,0,0,0,1,0
503,504,14:22:07.6069,0,0,0,0,0,0,1,0,0,0,0,0,0,0,0,1,0,0,0,0,1,0
504,505,14:22:07.6075,0,0,0,0,0,0,1,0,0,0,0,0,0,0,0,1,0,0,0,0,1,0
505,506,14:22:07.6080,0,0,0,0,0,0,1,0,0,0,0,0,0,0,0,1,0,0,0,0,1,0
506,507,14:22:07.6085,0,0,0,0,0,0,1,0,0,0,0,0,0,0,0,1,0,0,0,0,1,0
507,508,14:22:07.6090,0,0,0,0,0,0,1,0,0,0,0,0,0,0,0,1,0,0,0,0,1,0
508,509,14:22:07.6095,0,0,0,0,0,0,1,0,0,0,0,0,0,0,0,1,0,0,0,0,1,0
509,510,14:22:07.6101,0,0,0,0,0,0,1,0,0,0,0,0,0,0,0,1,0,0,0,0,1,0
510,511,14:22:07.6106,0,0,0,0,0,0,1,0,0,0,0,0,0,0,0,1,0,0,0,0,1,0
511,512,14:22:07.6111,0,0,0,0,0,0,1,0,0,0,0,0,0,0,0,1,0,0,0,0,1,0
512,513,14:22:07.6116,0,0,0,0,0,0,1,0,0,0,0,0,0,0,0,1,0,0,0,0,1,0
513,514,14:22:07.6121,0,0,0,0,0,0,1,0,0,0,0,0,0,0,0,1,0,0,0,0,1,0
514,515,14:22:07.6127,0,0,0,0,0,0,1,0,0,0,0,0,0,0,0,1,0,0,0,0,1,0
515,516,14:22:07.6132,0,0,0,0,0,0,1,0,0,0,0,0,0,0,0,1,0,0,0,0,1,0
516,517,14:22:07.6137,0,0,0,0,0,0,1,0,0,0,0,0,0,0,0,1,0,0,0,0,1,0
517,518,14:22:07.6142,0,0,0,0,0,0,1,0,0,0,0,0,0,0,0,1,0,0,0,0,1,0
518,519,14:22:07.6147,0,0,0,0,0,0,1,0,0,0,0,0,0,0,0,1,0,0,0,0,1,0
519,520,14:22:07.6153,0,0,0,0,0,0,1,0,0,0,0,0,0,0,0,1,0,0,0,0,1,0
520,521,14:22:07.6158,0,0,0,0,0,0,1,0,0,0,0,0,0,0,0,1,0,0,0,0,1,0
521,522,14:22:07.6163,0,0,0,0,0,0,1,0,0,0,0,0,0,0,0,1,0,0,0,0,1,0
522,523,14:22:07.6168,0,0,0,0,0,0,1,0,0,0,0,0,0,0,0,1,0,0,0,0,1,0
523,524,14:22:07.6173,0,0,0,0,0,0,1,0,0,0,0,0,0,0,0,1,0,0,0,0,1,0
524,525,14:22:07.6179,0,0,0,0,0,0,1,0,0,0,0,0,0,0,0,1,0,0,0,0,1,0
525,526,14:22:07.6184,0,0,0,0,0,0,1,0,0,0,0,0,0,0,0,1,0,0,0,0,1,0
526,527,14:22:07.6189,0,0,0,0,0,0,1,0,0,0,0,0,0,0,0,1,0,0,0,0,1,0
527,528,14:22:07.6194,0,0,0,0,0,0,1,0,0,0,0,0,0,0,0,1,0,0,0,0,1,0
528,529,14:22:07.6200,0,0,0,0,0,0,1,0,0,0,0,0,0,0,0,1,0,0,0,0,1,0
529,530,14:22:07.6205,0,0,0,0,0,0,1,0,0,0,0,0,0,0,0,1,0,0,0,0,1,0
530,531,14:22:07.6210,0,0,0,0,0,0,1,0,0,0,0,0,0,0,0,1,0,0,0,0,1,0
531,532,14:22:07.6215,0,0,0,0,0,0,1,0,0,0,0,0,0,0,0,1,0,0,0,0,1,0
532,533,14:22:07.6220,0,0,0,0,0,0,1,0,0,0,0,0,0,0,0,1,0,0,0,0,1,0
533,534,14:22:07.6226,0,0,0,0,0,0,1,0,0,0,0,0,0,0,0,1,0,0,0,0,1,0
534,535,14:22:07.6231,0,0,0,0,0,0,1,0,0,0,0,0,0,0,0,1,0,0,0,0,1,0
535,536,14:22:07.6236,0,0,0,0,0,0,1,0,0,0,0,0,0,0,0,1,0,0,0,0,1,0
536,537,14:22:07.6241,0,0,0,0,0,0,1,0,0,0,0,0,0,0,0,1,0,0,0,0,1,0
537,538,14:22:07.6246,0,0,0,0,0,0,1,0,0,0,0,0,0,0,0,1,0,0,0,0,1,0
538,539,14:22:07.6252,0,0,0,0,0,0,1,0,0,0,0,0,0,0,0,1,0,0,0,0,1,0
539,540,14:22:07.6257,0,0,0,0,0,0,1,0,0,0,0,0,0,0,0,1,0,0,0,0,1,0
540,541,14:22:07.6262,0,0,0,0,0,0,1,0,0,0,0,0,0,0,0,1,0,0,0,0,1,0
541,542,14:22:07.6267,0,0,0,0,0,0,1,0,0,0,0,0,0,0,0,1,0,0,0,0,1,0
542,543,14:22:07.6272,0,0,0,0,0,0,1,0,0,0,0,0,0,0,0,1,0,0,0,0,1,0
543,544,14:22:07.6278,0,0,0,0,0,0,1,0,0,0,0,0,0,0,0,1,0,0,0,0,1,0
544,545,14:22:07.6283,0,0,0,0,0,0,1,0,0,0,0,0,0,0,0,1,0,0,0,0,1,0
545,546,14:22:07.6288,0,0,0,0,0,0,1,0,0,0,0,0,0,0,0,1,0,0,0,0,1,0
546,547,14:22:07.6293,0,0,0,0,0,0,1,0,0,0,0,0,0,0,0,1,0,0,0,0,1,0
547,548,14:22:07.6298,0,0,0,0,0,0,1,0,0,0,0,0,0,0,0,1,0,0,0,0,1,0
548,549,14:22:07.6304,0,0,0,0,0,0,1,0,0,0,0,0,0,0,0,1,0,0,0,0,1,0
549,550,14:22:07.6309,0,0,0,0,0,0,1,0,0,0,0,0,0,0,0,1,0,0,0,0,1,0
550,551,14:22:07.6314,0,0,0,0,0,0,1,0,0,0,0,0,0,0,0,1,0,0,0,0,1,0
551,552,14:22:07.6319,0,0,0,0,0,0,1,0,0,0,0,0,0,0,0,1,0,0,0,0,1,0
552,553,14:22:07.6325,0,0,0,0,0,0,1,0,0,0,0,0,0,0,0,1,0,0,0,0,1,0
553,554,14:22:07.6330,0,0,0,0,0,0,1,0,0,0,0,0,0,0,0,1,0,0,0,0,1,0
554,555,14:22:07.6335,0,0,0,0,0,0,1,0,0,0,0,0,0,0,0,1,0,0,0,0,1,0
555,556,14:22:07.6340,0,0,0,0,0,0,1,0,0,0,0,0,0,0,0,1,0,0,0,0,1,0
556,557,14:22:07.6345,0,0,0,0,0,0,1,0,0,0,0,0,0,0,0,1,0,0,0,0,1,0
557,558,14:22:07.6351,0,0,0,0,0,0,1,0,0,0,0,0,0,0,0,1,0,0,0,0,1,0
558,559,14:22:07.6356,0,0,0,0,0,0,1,0,0,0,0,0,0,0,0,1,0,0,0,0,1,0
559,560,14:22:07.6361,0,0,0,0,0,0,1,0,0,0,0,0,0,0,0,1,0,0,0,0,1,0
560,561,14:22:07.6366,0,0,0,0,0,0,1,0,0,0,0,0,0,0,0,1,0,0,0,0,1,0
561,562,14:22:07.6371,0,0,0,0,0,0,1,0,0,0,0,0,0,0,0,1,0,0,0,0,1,0
562,563,14:22:07.6377,0,0,0,0,0,0,1,0,0,0,0,0,0,0,0,1,0,0,0,0,1,0
563,564,14:22:07.6382,0,0,0,0,0,0,1,0,0,0,0,0,0,0,0,1,0,0,0,0,1,0
564,565,14:22:07.6387,0,0,0,0,0,0,1,0,0,0,0,0,0,0,0,1,0,0,0,0,1,0
565,566,14:22:07.6392,0,0,0,0,0,0,1,0,0,0,0,0,0,0,0,1,0,0,0,0,1,0
566,567,14:22:07.6397,0,0,0,0,0,0,1,0,0,0,0,0,0,0,0,1,0,0,0,0,1,0
567,568,14:22:07.6403,0,0,0,0,0,0,1,0,0,0,0,0,0,0,0,1,0,0,0,0,1,0
568,569,14:22:07.6408,0,0,0,0,0,0,1,0,0,0,0,0,0,0,0,1,0,0,0,0,1,0
569,570,14:22:07.6413,0,0,0,0,0,0,1,0,0,0,0,0,0,0,0,1,0,0,0,0,1,0
570,571,14:22:07.6418,0,0,0,0,0,0,1,0,0,0,0,0,0,0,0,1,0,0,0,0,1,0
571,572,14:22:07.6423,0,0,0,0,0,0,1,0,0,0,0,0,0,0,0,1,0,0,0,0,1,0
572,573,14:22:07.6429,0,0,0,0,0,0,1,0,0,0,0,0,0,0,0,1,0,0,0,0,1,0
573,574,14:22:07.6434,0,0,0,0,0,0,1,0,0,0,0,0,0,0,0,1,0,0,0,0,1,0
574,575,14:22:07.6439,0,0,0,0,0,0,1,0,0,0,0,0,0,0,0,1,0,0,0,0,1,0
575,576,14:22:07.6444,0,0,0,0,0,0,1,0,0,0,0,0,0,0,0,1,0,0,0,0,1,0
576,577,14:22:07.6450,0,0,0,0,0,0,1,0,0,0,0,0,0,0,0,1,0,0,0,0,1,0
577,578,14:22:07.6455,0,0,0,0,0,0,1,0,0,0,0,0,0,0,0,1,0,0,0,0,1,0
578,579,14:22:07.6460,0,0,0,0,0,0,1,0,0,0,0,0,0,0,0,1,0,0,0,0,1,0
579,580,14:22:07.6465,0,0,0,0,0,0,1,0,0,0,0,0,0,0,0,1,0,0,0,0,1,0
580,581,14:22:07.6470,0,0,0,0,0,0,1,0,0,0,0,0,0,0,0,1,0,0,0,0,1,0
581,582,14:22:07.6476,0,0,0,0,0,0,1,0,0,0,0,0,0,0,0,1,0,0,0,0,1,0
582,583,14:22:07.6481,0,0,0,0,0,0,1,0,0,0,0,0,0,0,0,1,0,0,0,0,1,0
583,584,14:22:07.6486,0,0,0,0,0,0,1,0,0,0,0,0,0,0,0,1,0,0,0,0,1,0
584,585,14:22:07.6491,0,0,0,0,0,0,1,0,0,0,0,0,0,0,0,1,0,0,0,0,1,0
585,586,14:22:07.6496,0,0,0,0,0,0,1,0,0,0,0,0,0,0,0,1,0,0,0,0,1,0
586,587,14:22:07.6502,0,0,0,0,0,0,1,0,0,0,0,0,0,0,0,1,0,0,0,0,1,0
587,588,14:22:07.6507,0,0,0,0,0,0,1,0,0,0,0,0,0,0,0,1,0,0,0,0,1,0
588,589,14:22:07.6512,0,0,0,0,0,0,1,0,0,0,0,0,0,0,0,1,0,0,0,0,1,0
589,590,14:22:07.6517,0,0,0,0,0,0,1,0,0,0,0,0,0,0,0,1,0,0,0,0,1,0
590,591,14:22:07.6522,0,0,0,0,0,0,1,0,0,0,0,0,0,0,0,1,0,0,0,0,1,0
591,592,14:22:07.6528,0,0,0,0,0,0,1,0,0,0,0,0,0,0,0,1,0,0,0,0,1,0
592,593,14:22:07.6533,0,0,0,0,0,0,1,0,0,0,0,0,0,0,0,1,0,0,0,0,1,0
593,594,14:22:07.6538,0,0,0,0,0,0,1,0,0,0,0,0,0,0,0,1,0,0,0,0,1,0
594,595,14:22:07.6543,0,0,0,0,0,0,1,0,0,0,0,0,0,0,0,1,0,0,0,0,1,0
595,596,14:22:07.6548,0,0,0,0,0,0,1,0,0,0,0,0,0,0,0,1,0,0,0,0,1,0
596,597,14:22:07.6554,0,0,0,0,0,0,1,0,0,0,0,0,0,0,0,1,0,0,0,0,1,0
597,598,14:22:07.6559,0,0,0,0,0,0,1,0,0,0,0,0,0,0,0,1,0,0,0,0,1,0
598,599,14:22:07.6564,0,0,0,0,0,0,1,0,0,0,0,0,0,0,0,1,0,0,0,0,1,0
599,600,14:22:07.6569,0,0,0,0,0,0,1,0,0,0,0,0,0,0,0,1,0,0,0,0,1,0
600,601,14:22:07.6575,0,0,0,0,0,0,1,0,0,0,0,0,0,0,0,1,0,0,0,0,1,0
601,602,14:22:07.6580,0,0,0,0,0,0,1,0,0,0,0,0,0,0,0,1,0,0,0,0,1,0
602,603,14:22:07.6585,0,0,0,0,0,0,1,0,0,0,0,0,0,0,0,1,0,0,0,0,1,0
603,604,14:22:07.6590,0,0,0,0,0,0,1,0,0,0,0,0,0,0,0,1,0,0,0,0,1,0
604,605,14:22:07.6595,0,0,0,0,0,0,1,0,0,0,0,0,0,0,0,1,0,0,0,0,1,0
605,606,14:22:07.6601,0,0,0,0,0,0,1,0,0,0,0,0,0,0,0,1,0,0,0,0,1,0
606,607,14:22:07.6606,0,0,0,0,0,0,1,0,0,0,0,0,0,0,0,1,0,0,0,0,1,0
607,608,14:22:07.6611,0,0,0,0,0,0,1,0,0,0,0,0,0,0,0,1,0,0,0,0,1,0
608,609,14:22:07.6616,0,0,0,0,0,0,1,0,0,0,0,0,0,0,0,1,0,0,0,0,1,0
609,610,14:22:07.6621,0,0,0,0,0,0,1,0,0,0,0,0,0,0,0,1,0,0,0,0,1,0
610,611,14:22:07.6627,0,0,0,0,0,0,1,0,0,0,0,0,0,0,0,1,0,0,0,0,1,0
611,612,14:22:07.6632,0,0,0,0,0,0,1,0,0,0,0,0,0,0,0,1,0,0,0,0,1,0
612,613,14:22:07.6637,0,0,0,0,0,0,1,0,0,0,0,0,0,0,0,1,0,0,0,0,1,0
613,614,14:22:07.6642,0,0,0,0,0,0,1,0,0,0,0,0,0,0,0,1,0,0,0,0,1,0
614,615,14:22:07.6647,0,0,0,0,0,0,1,0,0,0,0,0,0,0,0,1,0,0,0,0,1,0
615,616,14:22:07.6653,0,0,0,0,0,0,1,0,0,0,0,0,0,0,0,1,0,0,0,0,1,0
616,617,14:22:07.6658,0,0,0,0,0,0,1,0,0,0,0,0,0,0,0,1,0,0,0,0,1,0
617,618,14:22:07.6663,0,0,0,0,0,0,1,0,0,0,0,0,0,0,0,1,0,0,0,0,1,0
618,619,14:22:07.6668,0,0,0,0,0,0,1,0,0,0,0,0,0,0,0,1,0,0,0,0,1,0
619,620,14:22:07.6673,0,0,0,0,0,0,1,0,0,0,0,0,0,0,0,1,0,0,0,0,1,0
620,621,14:22:07.6679,0,0,0,0,0,0,1,0,0,0,0,0,0,0,0,1,0,0,0,0,1,0
621,622,14:22:07.6684,0,0,0,0,0,0,1,0,0,0,0,0,0,0,0,1,0,0,0,0,1,0
622,623,14:22:07.6689,0,0,0,0,0,0,1,0,0,0,0,0,0,0,0,1,0,0,0,0,1,0
623,624,14:22:07.6694,0,0,0,0,0,0,1,0,0,0,0,0,0,0,0,1,0,0,0,0,1,0
624,625,14:22:07.6700,0,0,0,0,0,0,1,0,0,0,0,0,0,0,0,1,0,0,0,0,1,0
625,626,14:22:07.6705,0,0,0,0,0,0,1,0,0,0,0,0,0,0,0,1,0,0,0,0,1,0
626,627,14:22:07.6710,0,0,0,0,0,0,1,0,0,0,0,0,0,0,0,1,0,0,0,0,1,0
627,628,14:22:07.6715,0,0,0,0,0,0,1,0,0,0,0,0,0,0,0,1,0,0,0,0,1,0
628,629,14:22:07.6720,0,0,0,0,0,0,1,0,0,0,0,0,0,0,0,1,0,0,0,0,1,0
629,630,14:22:07.6726,0,0,0,0,0,0,1,0,0,0,0,0,0,0,0,1,0,0,0,0,1,0
630,631,14:22:07.6731,0,0,0,0,0,0,1,0,0,0,0,0,0,0,0,1,0,0,0,0,1,0
631,632,14:22:07.6736,0,0,0,0,0,0,1,0,0,0,0,0,0,0,0,1,0,0,0,0,1,0
632,633,14:22:07.6741,0,0,0,0,0,0,1,0,0,0,0,0,0,0,0,1,0,0,0,0,1,0
633,634,14:22:07.6746,0,0,0,0,0,0,1,0,0,0,0,0,0,0,0,1,0,0,0,0,1,0
634,635,14:22:07.6752,0,0,0,0,0,0,1,0,0,0,0,0,0,0,0,1,0,0,0,0,1,0
635,636,14:22:07.6757,0,0,0,0,0,0,1,0,0,0,0,0,0,0,0,1,0,0,0,0,1,0
636,637,14:22:07.6762,0,0,0,0,0,0,1,0,0,0,0,0,0,0,0,1,0,0,0,0,1,0
637,638,14:22:07.6767,0,0,0,0,0,0,1,0,0,0,0,0,0,0,0,1,0,0,0,0,1,0
638,639,14:22:07.6772,0,0,0,0,0,0,1,0,0,0,0,0,0,0,0,1,0,0,0,0,1,0
639,640,14:22:07.6778,0,0,0,0,0,0,1,0,0,0,0,0,0,0,0,1,0,0,0,0,1,0
