eden,surv,tenure,pretenure,oom,oom_op,minor,major,copied,promoted,pretenured,pause_total,pause_max,old_peak
16384,8192,1,0,True,1089,14,2,0,188656,0,12226,2867,125352
16384,8192,1,768,True,17214,106,52,0,1361032,1175072,188834,3486,130520
16384,8192,1,1024,True,2882,27,12,0,366216,155440,48692,3325,128080
16384,8192,2,0,False,,303,93,2471728,4269960,0,413767,2865,122624
16384,8192,2,768,False,,170,88,1383120,2048360,2080480,313167,2961,130328
16384,8192,2,1024,False,,226,88,1842128,3083656,1186496,350043,2987,126472
16384,8192,3,0,False,,303,91,2472608,4193808,0,406957,2869,122728
16384,8192,3,768,False,,170,84,1383488,1865696,2080480,307662,2961,130128
16384,8192,3,1024,False,,226,85,1844200,2859016,1186496,340757,3118,128808
16384,8192,5,0,False,,303,89,2475488,4003360,0,414591,2892,121528
16384,8192,5,768,False,,170,85,1385000,1853072,2080480,315424,2977,129792
16384,8192,5,1024,False,,226,84,1845240,2792008,1186496,353306,2960,126176
16384,24576,1,0,True,1089,14,2,0,188656,0,12226,2867,125352
16384,24576,1,768,True,17214,106,52,0,1361032,1175072,188834,3486,130520
16384,24576,1,1024,True,2882,27,12,0,366216,155440,48692,3325,128080
16384,24576,2,0,False,,303,94,4357400,4250024,0,426428,2694,114584
16384,24576,2,768,False,,170,82,2265088,1977736,2080480,294156,2765,127376
16384,24576,2,1024,False,,226,86,3173464,3057840,1186496,346553,2741,121688
16384,24576,3,0,False,,303,91,7253184,4179216,0,435376,2364,106376
16384,24576,3,768,False,,170,78,3907176,1399688,2080480,276011,2511,119920
16384,24576,3,1024,False,,226,82,5342416,2588232,1186496,338390,2476,110456
16384,24576,5,0,False,,303,81,7296064,3513904,0,401633,2560,105168
16384,24576,5,768,False,,170,73,4029352,987808,2080480,260350,2573,119504
16384,24576,5,1024,False,,226,76,5401176,2087296,1186496,317055,2592,112328
24576,8192,1,0,True,16404,107,40,0,2243560,0,167352,2905,126712
24576,8192,1,768,False,,113,97,0,2232568,2080480,330519,3444,130536
24576,8192,1,1024,True,1116,7,2,0,127432,59472,10217,3233,128376
24576,8192,2,0,False,,202,85,1649360,4211208,0,353097,2639,121712
24576,8192,2,768,False,,113,76,921104,1836576,2080480,249534,2708,130296
24576,8192,2,1024,False,,150,81,1224216,2863544,1186496,297316,2665,129504
24576,8192,3,0,False,,202,83,1650472,4029440,0,347818,2654,120848
24576,8192,3,768,False,,113,76,921960,1806224,2080480,256138,2745,130168
24576,8192,3,1024,False,,150,79,1224512,2768976,1186496,299477,2765,128864
24576,8192,5,0,False,,202,79,1650336,3953744,0,351446,2644,120648
24576,8192,5,768,False,,113,76,921808,1822160,2080480,256871,2756,130136
24576,8192,5,1024,False,,150,79,1224808,2741712,1186496,302228,2688,128624
24576,24576,1,0,True,16404,107,40,0,2243560,0,167352,2905,126712
24576,24576,1,768,False,,113,97,0,2232568,2080480,330519,3444,130536
24576,24576,1,1024,True,1116,7,2,0,127432,59472,10217,3233,128376
24576,24576,2,0,False,,202,85,4332616,4172880,0,356607,2206,105872
24576,24576,2,768,False,,113,76,2232568,1505056,2080480,235535,2412,124888
24576,24576,2,1024,False,,150,78,3138616,2683416,1186496,283577,2248,115464
24576,24576,3,0,False,,202,78,4847152,3716280,0,337616,2256,104904
24576,24576,3,768,False,,113,75,2662736,1066432,2080480,226570,2452,118176
24576,24576,3,1024,False,,150,76,3573816,2222648,1186496,272992,2377,114136
24576,24576,5,0,False,,202,74,4877840,3181320,0,321147,2306,103688
24576,24576,5,768,False,,113,74,2689184,966888,2080480,224202,2464,118856
24576,24576,5,1024,False,,150,75,3607864,1872584,1186496,265646,2388,112760
32768,8192,1,0,True,17386,91,44,0,2576392,0,176563,2603,126912
32768,8192,1,768,False,,84,87,0,2122872,2080480,289718,3440,130784
32768,8192,1,1024,False,,112,83,0,3119600,1186496,286783,3461,130328
32768,8192,2,0,False,,149,79,1215664,4038816,0,309065,2406,121600
32768,8192,2,768,False,,84,65,684792,1736104,2080480,209940,2833,127600
32768,8192,2,1024,False,,112,81,912952,2762984,1186496,268221,2468,127832
32768,8192,3,0,False,,149,80,1216968,3947728,0,317818,2396,119928
32768,8192,3,768,False,,84,65,685416,1732496,2080480,212458,3028,127032
32768,8192,3,1024,False,,112,82,913936,2702880,1186496,276171,2494,126800
32768,8192,5,0,False,,149,79,1217144,3931160,0,318229,2409,121288
32768,8192,5,768,False,,84,65,685312,1743592,2080480,212859,2998,126848
32768,8192,5,1024,False,,112,82,914960,2711384,1186496,276543,2519,126792
32768,24576,1,0,True,17386,91,44,0,2576392,0,176563,2603,126912
32768,24576,1,768,False,,84,87,0,2122872,2080480,289718,3440,130784
32768,24576,1,1024,False,,112,83,0,3119600,1186496,286783,3461,130328
32768,24576,2,0,False,,149,79,3566528,3903072,0,303492,1924,102696
32768,24576,2,768,False,,84,62,1948328,1153128,2080480,182581,2264,117768
32768,24576,2,1024,False,,112,81,2659984,2305576,1186496,250629,2136,107840
32768,24576,3,0,False,,149,78,3585912,3336808,0,293863,2103,103320
32768,24576,3,768,False,,84,61,1999088,895496,2080480,177114,2299,117920
32768,24576,3,1024,False,,112,77,2675184,1947800,1186496,238923,2188,107536
32768,24576,5,0,False,,149,76,3609680,3058752,0,287324,2105,101536
32768,24576,5,768,False,,84,62,2020144,902648,2080480,179802,2315,117928
32768,24576,5,1024,False,,112,77,2700968,1864656,1186496,238258,2229,107416
49152,8192,1,0,False,,99,78,0,4249712,0,269607,2187,121304
49152,8192,1,768,False,,56,78,0,1858680,2080480,223938,3014,129384
49152,8192,1,1024,False,,74,63,0,2895464,1186496,208704,2800,130904
49152,8192,2,0,False,,99,78,807232,3904256,0,258745,1994,109824
49152,8192,2,768,False,,56,68,456880,1483552,2080480,188644,2609,129264
49152,8192,2,1024,False,,74,61,604552,2524144,1186496,195581,2124,125312
49152,8192,3,0,False,,99,78,807064,3867136,0,262343,2011,108872
49152,8192,3,768,False,,56,68,457096,1488392,2080480,188885,2571,129352
49152,8192,3,1024,False,,74,61,604672,2525376,1186496,196780,2138,125256
49152,8192,5,0,False,,99,78,808552,3858424,0,263426,2034,108936
49152,8192,5,768,False,,56,70,457048,1502064,2080480,192718,2575,129496
49152,8192,5,1024,False,,74,62,604640,2536320,1186496,199076,2138,125256
49152,24576,1,0,False,,99,78,0,4249712,0,269607,2187,121304
49152,24576,1,768,False,,56,78,0,1858680,2080480,223938,3014,129384
49152,24576,1,1024,False,,74,63,0,2895464,1186496,208704,2800,130904
49152,24576,2,0,False,,99,77,2373320,3261760,0,236220,1911,92112
49152,24576,2,768,False,,56,59,1322056,742888,2080480,149637,2244,129144
49152,24576,2,1024,False,,74,61,1772544,1808496,1186496,175030,1867,104000
49152,24576,3,0,False,,99,76,2381608,3057488,0,231645,1729,91344
49152,24576,3,768,False,,56,58,1335864,727176,2080480,147851,2244,129240
49152,24576,3,1024,False,,74,61,1787064,1726168,1186496,173865,1867,103944
49152,24576,5,0,False,,99,76,2411736,3024168,0,231855,1763,91312
49152,24576,5,768,False,,56,58,1358024,742216,2080480,148119,2279,129256
49152,24576,5,1024,False,,74,61,1808016,1735336,1186496,174586,1875,103968
