active_cars,zoning,wait_timeout,capacity,power_budget,avg_wait,net_energy,total_wait,max_wait,end_tick,reassignments,power_denials,close_denials,capacity_leftbehind,max_tick_power,trace_sha16
2,SPLIT,50,6,6,43.325,2952,3466,182,866,0,0,0,0,4,dcbbe991078abc25
2,SPLIT,50,6,8,43.325,2952,3466,182,866,0,0,0,0,4,648d9caf5503a871
2,SPLIT,50,6,10,43.325,2952,3466,182,866,0,0,0,0,4,12c68a9e6b73558c
2,SPLIT,50,6,12,43.325,2952,3466,182,866,0,0,0,0,4,686d161c4b42b55d
2,SPLIT,75,6,6,43.325,2952,3466,182,866,0,0,0,0,4,aac93c39427505ce
2,SPLIT,75,6,8,43.325,2952,3466,182,866,0,0,0,0,4,7b7275cd89a58e85
2,SPLIT,75,6,10,43.325,2952,3466,182,866,0,0,0,0,4,ea917e2c77187442
2,SPLIT,75,6,12,43.325,2952,3466,182,866,0,0,0,0,4,d253747d5fbf8528
2,SPLIT,100,6,6,43.325,2952,3466,182,866,0,0,0,0,4,b0ddaefc181c2608
2,SPLIT,100,6,8,43.325,2952,3466,182,866,0,0,0,0,4,8366e0586ec94bc2
2,SPLIT,100,6,10,43.325,2952,3466,182,866,0,0,0,0,4,c58f527ae35b300b
2,SPLIT,100,6,12,43.325,2952,3466,182,866,0,0,0,0,4,e474717c5f96e707
2,SPLIT,125,6,6,43.325,2952,3466,182,866,0,0,0,0,4,1817120ca70f5a8c
2,SPLIT,125,6,8,43.325,2952,3466,182,866,0,0,0,0,4,a1626945517e8704
2,SPLIT,125,6,10,43.325,2952,3466,182,866,0,0,0,0,4,060d3f8ccae811b1
2,SPLIT,125,6,12,43.325,2952,3466,182,866,0,0,0,0,4,c0476b499f15cc7c
2,GROUND,50,6,6,40.2,3000,3216,171,875,2,0,0,0,4,8ca21ab6743d8f26
2,GROUND,50,6,8,40.2,3000,3216,171,875,2,0,0,0,4,f1dc79d6b8f14189
2,GROUND,50,6,10,40.2,3000,3216,171,875,2,0,0,0,4,f523d546dc5e4a92
2,GROUND,50,6,12,40.2,3000,3216,171,875,2,0,0,0,4,018660577b56f05d
2,GROUND,75,6,6,45.9,3096,3672,168,895,0,0,0,0,4,f83d74f50b89fd81
2,GROUND,75,6,8,45.9,3096,3672,168,895,0,0,0,0,4,7405ce9a9745f0f3
2,GROUND,75,6,10,45.9,3096,3672,168,895,0,0,0,0,4,c72c26f1756d7dca
2,GROUND,75,6,12,45.9,3096,3672,168,895,0,0,0,0,4,da6780fd6cb49b83
2,GROUND,100,6,6,45.9,3096,3672,168,895,0,0,0,0,4,993b5f30561bd873
2,GROUND,100,6,8,45.9,3096,3672,168,895,0,0,0,0,4,05ce0e13685af6a4
2,GROUND,100,6,10,45.9,3096,3672,168,895,0,0,0,0,4,7de88733f646fdd7
2,GROUND,100,6,12,45.9,3096,3672,168,895,0,0,0,0,4,1cff85a78bcb48ab
2,GROUND,125,6,6,45.9,3096,3672,168,895,0,0,0,0,4,e27ac1591014cd21
2,GROUND,125,6,8,45.9,3096,3672,168,895,0,0,0,0,4,02c627cf7ceca99e
2,GROUND,125,6,10,45.9,3096,3672,168,895,0,0,0,0,4,7496c083df7d2612
2,GROUND,125,6,12,45.9,3096,3672,168,895,0,0,0,0,4,07d0fc9788a8995e
2,TOP,50,6,6,37.3,2988,2984,130,875,0,0,0,0,4,cb26df6bda61e824
2,TOP,50,6,8,37.3,2988,2984,130,875,0,0,0,0,4,28d5075a3ae476a7
2,TOP,50,6,10,37.3,2988,2984,130,875,0,0,0,0,4,5e0413aa7d6c8e9b
2,TOP,50,6,12,37.3,2988,2984,130,875,0,0,0,0,4,6ffc5e04ecd3e202
2,TOP,75,6,6,37.3,2988,2984,130,875,0,0,0,0,4,7e103d88d61c7b33
2,TOP,75,6,8,37.3,2988,2984,130,875,0,0,0,0,4,bbf13efc65408418
2,TOP,75,6,10,37.3,2988,2984,130,875,0,0,0,0,4,323dbce128fcc05b
2,TOP,75,6,12,37.3,2988,2984,130,875,0,0,0,0,4,cbed7551f8ed71c9
2,TOP,100,6,6,37.3,2988,2984,130,875,0,0,0,0,4,830793221de305d4
2,TOP,100,6,8,37.3,2988,2984,130,875,0,0,0,0,4,321b5d9bf6f381d8
2,TOP,100,6,10,37.3,2988,2984,130,875,0,0,0,0,4,78f02a14172e0978
2,TOP,100,6,12,37.3,2988,2984,130,875,0,0,0,0,4,7b15b9b1a89bc70d
2,TOP,125,6,6,37.3,2988,2984,130,875,0,0,0,0,4,ffa432de3c0a1421
2,TOP,125,6,8,37.3,2988,2984,130,875,0,0,0,0,4,c1412c4944b84eb6
2,TOP,125,6,10,37.3,2988,2984,130,875,0,0,0,0,4,1498a474a4435eea
2,TOP,125,6,12,37.3,2988,2984,130,875,0,0,0,0,4,35ea3e5462088525
3,SPLIT,50,6,6,21.025,4380,1682,72,837,0,0,0,0,6,b3739034b5d255d9
3,SPLIT,50,6,8,21.025,4380,1682,72,837,0,0,0,0,6,9a3d43b9527e29fe
3,SPLIT,50,6,10,21.025,4380,1682,72,837,0,0,0,0,6,fc8e54a0c63c1e62
3,SPLIT,50,6,12,21.025,4380,1682,72,837,0,0,0,0,6,24ed02b424755628
3,SPLIT,75,6,6,21.025,4380,1682,72,837,0,0,0,0,6,3a9e54bdf387e0b7
3,SPLIT,75,6,8,21.025,4380,1682,72,837,0,0,0,0,6,e1be6eb82fb99f1c
3,SPLIT,75,6,10,21.025,4380,1682,72,837,0,0,0,0,6,a1ce48abc685e3d4
3,SPLIT,75,6,12,21.025,4380,1682,72,837,0,0,0,0,6,62b8e7442c68f53e
3,SPLIT,100,6,6,21.025,4380,1682,72,837,0,0,0,0,6,f6ee7b43c6cf3205
3,SPLIT,100,6,8,21.025,4380,1682,72,837,0,0,0,0,6,62725a1a884d53fd
3,SPLIT,100,6,10,21.025,4380,1682,72,837,0,0,0,0,6,42fa03ccaa21e8e6
3,SPLIT,100,6,12,21.025,4380,1682,72,837,0,0,0,0,6,cbb470e877d254ef
3,SPLIT,125,6,6,21.025,4380,1682,72,837,0,0,0,0,6,03724de1ac387c2b
3,SPLIT,125,6,8,21.025,4380,1682,72,837,0,0,0,0,6,87b655322af832ec
3,SPLIT,125,6,10,21.025,4380,1682,72,837,0,0,0,0,6,2933811bbd815cce
3,SPLIT,125,6,12,21.025,4380,1682,72,837,0,0,0,0,6,278a078cf3298700
3,GROUND,50,6,6,23.3625,4371,1869,97,817,1,0,0,0,6,561433ce99e21e10
3,GROUND,50,6,8,23.3625,4371,1869,97,817,1,0,0,0,6,6e52d8c4bc1e0660
3,GROUND,50,6,10,23.3625,4371,1869,97,817,1,0,0,0,6,0fd1ad578282bed7
3,GROUND,50,6,12,23.3625,4371,1869,97,817,1,0,0,0,6,e292d5b534278808
3,GROUND,75,6,6,24.575,4416,1966,96,839,0,0,0,0,6,8d2d7225c0ad870f
3,GROUND,75,6,8,24.575,4416,1966,96,839,0,0,0,0,6,29e5d72748093784
3,GROUND,75,6,10,24.575,4416,1966,96,839,0,0,0,0,6,d94a19ad116e63c9
3,GROUND,75,6,12,24.575,4416,1966,96,839,0,0,0,0,6,278072545fa65d26
3,GROUND,100,6,6,24.575,4416,1966,96,839,0,0,0,0,6,1df99e28389ee7f7
3,GROUND,100,6,8,24.575,4416,1966,96,839,0,0,0,0,6,457abda6779f5654
3,GROUND,100,6,10,24.575,4416,1966,96,839,0,0,0,0,6,f2e7c64865f91b5d
3,GROUND,100,6,12,24.575,4416,1966,96,839,0,0,0,0,6,bc952df116a0e352
3,GROUND,125,6,6,24.575,4416,1966,96,839,0,0,0,0,6,6c4dec4a40ff92da
3,GROUND,125,6,8,24.575,4416,1966,96,839,0,0,0,0,6,1b7ed4b5ecc74018
3,GROUND,125,6,10,24.575,4416,1966,96,839,0,0,0,0,6,9936d3f9a646bdbb
3,GROUND,125,6,12,24.575,4416,1966,96,839,0,0,0,0,6,bbf0c9bf81fe9b76
3,TOP,50,6,6,27.725,4692,2218,90,842,0,0,0,0,6,73e3a159e1a5e516
3,TOP,50,6,8,27.725,4692,2218,90,842,0,0,0,0,6,99ad92a22be75118
3,TOP,50,6,10,27.725,4692,2218,90,842,0,0,0,0,6,39fc621702aac640
3,TOP,50,6,12,27.725,4692,2218,90,842,0,0,0,0,6,e265e9c1c5527622
3,TOP,75,6,6,27.725,4692,2218,90,842,0,0,0,0,6,297d4e81eb9e6fe6
3,TOP,75,6,8,27.725,4692,2218,90,842,0,0,0,0,6,7d28128df673760a
3,TOP,75,6,10,27.725,4692,2218,90,842,0,0,0,0,6,1f5d38a78d7ed567
3,TOP,75,6,12,27.725,4692,2218,90,842,0,0,0,0,6,68b09ad633311d2c
3,TOP,100,6,6,27.725,4692,2218,90,842,0,0,0,0,6,c0cff3f91df28814
3,TOP,100,6,8,27.725,4692,2218,90,842,0,0,0,0,6,52467ee8d0f96d07
3,TOP,100,6,10,27.725,4692,2218,90,842,0,0,0,0,6,0f3fef37d30c4d75
3,TOP,100,6,12,27.725,4692,2218,90,842,0,0,0,0,6,94cd9f63afb17d45
3,TOP,125,6,6,27.725,4692,2218,90,842,0,0,0,0,6,cce0228e426a823d
3,TOP,125,6,8,27.725,4692,2218,90,842,0,0,0,0,6,342f8e93d3df1b3f
3,TOP,125,6,10,27.725,4692,2218,90,842,0,0,0,0,6,a8d10c103eed3e85
3,TOP,125,6,12,27.725,4692,2218,90,842,0,0,0,0,6,4cf0e31cc28037d6
4,SPLIT,50,6,6,19.5625,5148,1565,90,793,0,161,49,0,6,9991b36b80a99b92
4,SPLIT,50,6,8,15.1375,5484,1211,50,791,0,0,0,0,8,2b98607c72a949a0
4,SPLIT,50,6,10,15.1375,5484,1211,50,791,0,0,0,0,8,c9a1b56293544458
4,SPLIT,50,6,12,15.1375,5484,1211,50,791,0,0,0,0,8,575b849db177965f
4,SPLIT,75,6,6,19.5625,5148,1565,90,793,0,161,49,0,6,57336758dde66da8
4,SPLIT,75,6,8,15.1375,5484,1211,50,791,0,0,0,0,8,74d63928ed1d5040
4,SPLIT,75,6,10,15.1375,5484,1211,50,791,0,0,0,0,8,c57ba6ae7972a443
4,SPLIT,75,6,12,15.1375,5484,1211,50,791,0,0,0,0,8,3345d726a1bbbed4
4,SPLIT,100,6,6,19.5625,5148,1565,90,793,0,161,49,0,6,a3abc9ce80522ecf
4,SPLIT,100,6,8,15.1375,5484,1211,50,791,0,0,0,0,8,983ccf66b0f53d90
4,SPLIT,100,6,10,15.1375,5484,1211,50,791,0,0,0,0,8,4d4bec2a665ff49d
4,SPLIT,100,6,12,15.1375,5484,1211,50,791,0,0,0,0,8,4447b977fd99e4ff
4,SPLIT,125,6,6,19.5625,5148,1565,90,793,0,161,49,0,6,a35d255c5c58e613
4,SPLIT,125,6,8,15.1375,5484,1211,50,791,0,0,0,0,8,230094ec9c394e65
4,SPLIT,125,6,10,15.1375,5484,1211,50,791,0,0,0,0,8,73fe5fc94fca4ff3
4,SPLIT,125,6,12,15.1375,5484,1211,50,791,0,0,0,0,8,32dde740fb7db751
4,GROUND,50,6,6,20.85,5265,1668,80,794,0,197,48,0,6,435a8d5d448ab7a5
4,GROUND,50,6,8,17.825,5808,1426,56,819,0,0,0,0,8,d332390b49b38c5d
4,GROUND,50,6,10,17.825,5808,1426,56,819,0,0,0,0,8,32247efa2df94da7
4,GROUND,50,6,12,17.825,5808,1426,56,819,0,0,0,0,8,053731a63e96ae28
4,GROUND,75,6,6,20.85,5265,1668,80,794,0,197,48,0,6,bafbe6eb67e8ba67
4,GROUND,75,6,8,17.825,5808,1426,56,819,0,0,0,0,8,fa80500c20accd82
4,GROUND,75,6,10,17.825,5808,1426,56,819,0,0,0,0,8,9f861f9871eb5e30
4,GROUND,75,6,12,17.825,5808,1426,56,819,0,0,0,0,8,d6d541a5ac4cd16c
4,GROUND,100,6,6,20.85,5265,1668,80,794,0,197,48,0,6,c494bfc25ddb6968
4,GROUND,100,6,8,17.825,5808,1426,56,819,0,0,0,0,8,7477bfb75ef3d307
4,GROUND,100,6,10,17.825,5808,1426,56,819,0,0,0,0,8,3437d25fad5f03b6
4,GROUND,100,6,12,17.825,5808,1426,56,819,0,0,0,0,8,f3467a6c1bb257e3
4,GROUND,125,6,6,20.85,5265,1668,80,794,0,197,48,0,6,1758bf48c67afe33
4,GROUND,125,6,8,17.825,5808,1426,56,819,0,0,0,0,8,7b056e096233d074
4,GROUND,125,6,10,17.825,5808,1426,56,819,0,0,0,0,8,67faba711c2cb201
4,GROUND,125,6,12,17.825,5808,1426,56,819,0,0,0,0,8,e5479eeee567d35c
4,TOP,50,6,6,22.525,5289,1802,63,801,0,173,57,0,6,1123a45d19063987
4,TOP,50,6,8,18.075,5604,1446,56,819,0,0,0,0,8,76591c01c8b43edb
4,TOP,50,6,10,18.075,5604,1446,56,819,0,0,0,0,8,3bd7906c1fc6aed2
4,TOP,50,6,12,18.075,5604,1446,56,819,0,0,0,0,8,6dd942e04b2decb6
4,TOP,75,6,6,22.525,5289,1802,63,801,0,173,57,0,6,ed68009cb95ae2df
4,TOP,75,6,8,18.075,5604,1446,56,819,0,0,0,0,8,4e0b1fa68b49d4f0
4,TOP,75,6,10,18.075,5604,1446,56,819,0,0,0,0,8,0ef6ab822c852e7f
4,TOP,75,6,12,18.075,5604,1446,56,819,0,0,0,0,8,bc8c857640ae5b09
4,TOP,100,6,6,22.525,5289,1802,63,801,0,173,57,0,6,b3605f05e45c1c76
4,TOP,100,6,8,18.075,5604,1446,56,819,0,0,0,0,8,5eee57d3d6d32ec4
4,TOP,100,6,10,18.075,5604,1446,56,819,0,0,0,0,8,e243f5982e99f289
4,TOP,100,6,12,18.075,5604,1446,56,819,0,0,0,0,8,ff3075339360ac19
4,TOP,125,6,6,22.525,5289,1802,63,801,0,173,57,0,6,7ef87a3a6c0e214c
4,TOP,125,6,8,18.075,5604,1446,56,819,0,0,0,0,8,c135c102d90c65ba
4,TOP,125,6,10,18.075,5604,1446,56,819,0,0,0,0,8,092ee4fd3d80dee2
4,TOP,125,6,12,18.075,5604,1446,56,819,0,0,0,0,8,5c506989c6345537
