n,k,time,A_Z1,A_Z2,A_RX,A_KEY,A_TRIP,A_52A,B_Z1,B_Z2,B_Z3R,B_EBLK,B_RX,B_ECHO,B_KEY,B_TRIP,B_52A,A_BC_Z_re,A_BC_Z_im,B_BC_Z_re,B_BC_Z_im
1,0,14:22:07.3450,0,0,0,0,0,1,0,0,0,0,0,0,0,0,1,,,,
2,1,14:22:07.3455,0,0,0,0,0,1,0,0,0,0,0,0,0,0,1,,,,
3,2,14:22:07.3460,0,0,0,0,0,1,0,0,0,0,0,0,0,0,1,,,,
4,3,14:22:07.3465,0,0,0,0,0,1,0,0,0,0,0,0,0,0,1,,,,
5,4,14:22:07.3470,0,0,0,0,0,1,0,0,0,0,0,0,0,0,1,,,,
6,5,14:22:07.3476,0,0,0,0,0,1,0,0,0,0,0,0,0,0,1,,,,
7,6,14:22:07.3481,0,0,0,0,0,1,0,0,0,0,0,0,0,0,1,,,,
8,7,14:22:07.3486,0,0,0,0,0,1,0,0,0,0,0,0,0,0,1,,,,
9,8,14:22:07.3491,0,0,0,0,0,1,0,0,0,0,0,0,0,0,1,,,,
10,9,14:22:07.3496,0,0,0,0,0,1,0,0,0,0,0,0,0,0,1,,,,
11,10,14:22:07.3502,0,0,0,0,0,1,0,0,0,0,0,0,0,0,1,,,,
12,11,14:22:07.3507,0,0,0,0,0,1,0,0,0,0,0,0,0,0,1,,,,
13,12,14:22:07.3512,0,0,0,0,0,1,0,0,0,0,0,0,0,0,1,,,,
14,13,14:22:07.3517,0,0,0,0,0,1,0,0,0,0,0,0,0,0,1,,,,
15,14,14:22:07.3522,0,0,0,0,0,1,0,0,0,0,0,0,0,0,1,,,,
16,15,14:22:07.3528,0,0,0,0,0,1,0,0,0,0,0,0,0,0,1,,,,
17,16,14:22:07.3533,0,0,0,0,0,1,0,0,0,0,0,0,0,0,1,,,,
18,17,14:22:07.3538,0,0,0,0,0,1,0,0,0,0,0,0,0,0,1,,,,
19,18,14:22:07.3543,0,0,0,0,0,1,0,0,0,0,0,0,0,0,1,,,,
20,19,14:22:07.3548,0,0,0,0,0,1,0,0,0,0,0,0,0,0,1,,,,
21,20,14:22:07.3554,0,0,0,0,0,1,0,0,0,0,0,0,0,0,1,,,,
22,21,14:22:07.3559,0,0,0,0,0,1,0,0,0,0,0,0,0,0,1,,,,
23,22,14:22:07.3564,0,0,0,0,0,1,0,0,0,0,0,0,0,0,1,,,,
24,23,14:22:07.3569,0,0,0,0,0,1,0,0,0,0,0,0,0,0,1,,,,
25,24,14:22:07.3575,0,0,0,0,0,1,0,0,0,0,0,0,0,0,1,,,,
26,25,14:22:07.3580,0,0,0,0,0,1,0,0,0,0,0,0,0,0,1,,,,
27,26,14:22:07.3585,0,0,0,0,0,1,0,0,0,0,0,0,0,0,1,,,,
28,27,14:22:07.3590,0,0,0,0,0,1,0,0,0,0,0,0,0,0,1,,,,
29,28,14:22:07.3595,0,0,0,0,0,1,0,0,0,0,0,0,0,0,1,,,,
30,29,14:22:07.3601,0,0,0,0,0,1,0,0,0,0,0,0,0,0,1,,,,
31,30,14:22:07.3606,0,0,0,0,0,1,0,0,0,0,0,0,0,0,1,,,,
32,31,14:22:07.3611,0,0,0,0,0,1,0,0,0,0,0,0,0,0,1,45.3620,6.8313,-74.8053,-3.7120
33,32,14:22:07.3616,0,0,0,0,0,1,0,0,0,0,0,0,0,0,1,45.3680,6.8316,-74.8104,-3.7121
34,33,14:22:07.3621,0,0,0,0,0,1,0,0,0,0,0,0,0,0,1,45.3641,6.8319,-74.8070,-3.7126
35,34,14:22:07.3627,0,0,0,0,0,1,0,0,0,0,0,0,0,0,1,45.3614,6.8327,-74.8043,-3.7136
36,35,14:22:07.3632,0,0,0,0,0,1,0,0,0,0,0,0,0,0,1,45.3601,6.8335,-74.8014,-3.7158
37,36,14:22:07.3637,0,0,0,0,0,1,0,0,0,0,0,0,0,0,1,45.3556,6.8375,-74.7946,-3.7229
38,37,14:22:07.3642,0,0,0,0,0,1,0,0,0,0,0,0,0,0,1,45.3580,6.8342,-74.7980,-3.7176
39,38,14:22:07.3647,0,0,0,0,0,1,0,0,0,0,0,0,0,0,1,45.3577,6.8351,-74.7977,-3.7184
40,39,14:22:07.3653,0,0,0,0,0,1,0,0,0,0,0,0,0,0,1,45.3558,6.8410,-74.7960,-3.7264
41,40,14:22:07.3658,0,0,0,0,0,1,0,0,0,0,0,0,0,0,1,45.3563,6.8370,-74.7959,-3.7181
42,41,14:22:07.3663,0,0,0,0,0,1,0,0,0,0,0,0,0,0,1,45.3559,6.8352,-74.7961,-3.7188
43,42,14:22:07.3668,0,0,0,0,0,1,0,0,0,0,0,0,0,0,1,45.3548,6.8313,-74.7931,-3.7116
44,43,14:22:07.3673,0,0,0,0,0,1,0,0,0,0,0,0,0,0,1,45.3553,6.8321,-74.7952,-3.7145
45,44,14:22:07.3679,0,0,0,0,0,1,0,0,0,0,0,0,0,0,1,45.3576,6.8349,-74.7987,-3.7181
46,45,14:22:07.3684,0,0,0,0,0,1,0,0,0,0,0,0,0,0,1,45.3545,6.8325,-74.7936,-3.7147
47,46,14:22:07.3689,0,0,0,0,0,1,0,0,0,0,0,0,0,0,1,45.3537,6.8322,-74.7952,-3.7153
48,47,14:22:07.3694,0,0,0,0,0,1,0,0,0,0,0,0,0,0,1,45.3549,6.8325,-74.7953,-3.7154
49,48,14:22:07.3700,0,0,0,0,0,1,0,0,0,0,0,0,0,0,1,45.3558,6.8324,-74.7956,-3.7153
50,49,14:22:07.3705,0,0,0,0,0,1,0,0,0,0,0,0,0,0,1,45.3518,6.8331,-74.7907,-3.7164
51,50,14:22:07.3710,0,0,0,0,0,1,0,0,0,0,0,0,0,0,1,45.3548,6.8322,-74.7962,-3.7140
52,51,14:22:07.3715,0,0,0,0,0,1,0,0,0,0,0,0,0,0,1,45.3562,6.8316,-74.8003,-3.7111
53,52,14:22:07.3720,0,0,0,0,0,1,0,0,0,0,0,0,0,0,1,45.3567,6.8313,-74.8018,-3.7097
54,53,14:22:07.3726,0,0,0,0,0,1,0,0,0,0,0,0,0,0,1,45.3599,6.8274,-74.8068,-3.7019
55,54,14:22:07.3731,0,0,0,0,0,1,0,0,0,0,0,0,0,0,1,45.3618,6.8243,-74.8103,-3.6929
56,55,14:22:07.3736,0,0,0,0,0,1,0,0,0,0,0,0,0,0,1,45.3627,6.8203,-74.8110,-3.6891
57,56,14:22:07.3741,0,0,0,0,0,1,0,0,0,0,0,0,0,0,1,45.3632,6.8181,-74.8109,-3.6823
58,57,14:22:07.3746,0,0,0,0,0,1,0,0,0,0,0,0,0,0,1,45.3630,6.8159,-74.8103,-3.6794
59,58,14:22:07.3752,0,0,0,0,0,1,0,0,0,0,0,0,0,0,1,45.3621,6.8127,-74.8062,-3.6703
60,59,14:22:07.3757,0,0,0,0,0,1,0,0,0,0,0,0,0,0,1,45.3600,6.8086,-74.8005,-3.6621
61,60,14:22:07.3762,0,0,0,0,0,1,0,0,0,0,0,0,0,0,1,45.3606,6.8089,-74.8000,-3.6616
62,61,14:22:07.3767,0,0,0,0,0,1,0,0,0,0,0,0,0,0,1,45.3566,6.8059,-74.7946,-3.6581
63,62,14:22:07.3772,0,0,0,0,0,1,0,0,0,0,0,0,0,0,1,45.3610,6.8081,-74.8032,-3.6614
64,63,14:22:07.3778,0,0,0,0,0,1,0,0,0,0,0,0,0,0,1,45.3588,6.8074,-74.7998,-3.6607
65,64,14:22:07.3783,0,0,0,0,0,1,0,0,0,0,0,0,0,0,1,45.3595,6.8073,-74.8032,-3.6604
66,65,14:22:07.3788,0,0,0,0,0,1,0,0,0,0,0,0,0,0,1,45.3614,6.8069,-74.8023,-3.6608
67,66,14:22:07.3793,0,0,0,0,0,1,0,0,0,0,0,0,0,0,1,45.3626,6.8067,-74.8045,-3.6599
68,67,14:22:07.3798,0,0,0,0,0,1,0,0,0,0,0,0,0,0,1,45.3638,6.8059,-74.8063,-3.6586
69,68,14:22:07.3804,0,0,0,0,0,1,0,0,0,0,0,0,0,0,1,45.3662,6.8042,-74.8115,-3.6531
70,69,14:22:07.3809,0,0,0,0,0,1,0,0,0,0,0,0,0,0,1,45.3643,6.8068,-74.8092,-3.6568
71,70,14:22:07.3814,0,0,0,0,0,1,0,0,0,0,0,0,0,0,1,45.3640,6.8071,-74.8091,-3.6567
72,71,14:22:07.3819,0,0,0,0,0,1,0,0,0,0,0,0,0,0,1,45.3651,6.8041,-74.8103,-3.6511
73,72,14:22:07.3825,0,0,0,0,0,1,0,0,0,0,0,0,0,0,1,45.3649,6.8030,-74.8104,-3.6538
74,73,14:22:07.3830,0,0,0,0,0,1,0,0,0,0,0,0,0,0,1,45.3652,6.8047,-74.8111,-3.6569
75,74,14:22:07.3835,0,0,0,0,0,1,0,0,0,0,0,0,0,0,1,45.3664,6.8084,-74.8131,-3.6616
76,75,14:22:07.3840,0,0,0,0,0,1,0,0,0,0,0,0,0,0,1,45.3653,6.8067,-74.8121,-3.6601
77,76,14:22:07.3845,0,0,0,0,0,1,0,0,0,0,0,0,0,0,1,45.3610,6.8014,-74.8012,-3.6498
78,77,14:22:07.3851,0,0,0,0,0,1,0,0,0,0,0,0,0,0,1,45.3601,6.8007,-74.7989,-3.6484
79,78,14:22:07.3856,0,0,0,0,0,1,0,0,0,0,0,0,0,0,1,45.3599,6.8006,-74.7978,-3.6480
80,79,14:22:07.3861,0,0,0,0,0,1,0,0,0,0,0,0,0,0,1,45.3562,6.7998,-74.7954,-3.6475
81,80,14:22:07.3866,0,0,0,0,0,1,0,0,0,0,0,0,0,0,1,45.3548,6.7994,-74.7886,-3.6477
82,81,14:22:07.3871,0,0,0,0,0,1,0,0,0,0,0,0,0,0,1,45.3628,6.7983,-74.7995,-3.6453
83,82,14:22:07.3877,0,0,0,0,0,1,0,0,0,0,0,0,0,0,1,45.3623,6.7986,-74.8014,-3.6444
84,83,14:22:07.3882,0,0,0,0,0,1,0,0,0,0,0,0,0,0,1,45.3599,6.7999,-74.7949,-3.6491
85,84,14:22:07.3887,0,0,0,0,0,1,0,0,0,0,0,0,0,0,1,45.3601,6.7996,-74.7957,-3.6482
86,85,14:22:07.3892,0,0,0,0,0,1,0,0,0,0,0,0,0,0,1,45.3598,6.8002,-74.7957,-3.6482
87,86,14:22:07.3897,0,0,0,0,0,1,0,0,0,0,0,0,0,0,1,45.3591,6.8012,-74.7946,-3.6507
88,87,14:22:07.3903,0,0,0,0,0,1,0,0,0,0,0,0,0,0,1,45.3592,6.8014,-74.7950,-3.6480
89,88,14:22:07.3908,0,0,0,0,0,1,0,0,0,0,0,0,0,0,1,45.3591,6.8014,-74.7952,-3.6510
90,89,14:22:07.3913,0,0,0,0,0,1,0,0,0,0,0,0,0,0,1,45.3595,6.8038,-74.7962,-3.6555
91,90,14:22:07.3918,0,0,0,0,0,1,0,0,0,0,0,0,0,0,1,45.3603,6.8070,-74.8008,-3.6657
92,91,14:22:07.3923,0,0,0,0,0,1,0,0,0,0,0,0,0,0,1,45.3622,6.8109,-74.8070,-3.6745
93,92,14:22:07.3929,0,0,0,0,0,1,0,0,0,0,0,0,0,0,1,45.3630,6.8124,-74.8123,-3.6796
94,93,14:22:07.3934,0,0,0,0,0,1,0,0,0,0,0,0,0,0,1,45.3656,6.8146,-74.8165,-3.6824
95,94,14:22:07.3939,0,0,0,0,0,1,0,0,0,0,0,0,0,0,1,45.3674,6.8154,-74.8189,-3.6833
96,95,14:22:07.3944,0,0,0,0,0,1,0,0,0,0,0,0,0,0,1,45.3714,6.8164,-74.8220,-3.6840
97,96,14:22:07.3950,0,0,0,0,0,1,0,0,0,0,0,0,0,0,1,45.3679,6.8162,-74.8168,-3.6841
98,97,14:22:07.3955,0,0,0,0,0,1,0,0,0,0,0,0,0,0,1,45.3717,6.8158,-74.8259,-3.6820
99,98,14:22:07.3960,0,0,0,0,0,1,0,0,0,0,0,0,0,0,1,45.3723,6.8155,-74.8265,-3.6817
100,99,14:22:07.3965,0,0,0,0,0,1,0,0,0,0,0,0,0,0,1,45.3715,6.8160,-74.8259,-3.6821
101,100,14:22:07.3970,0,0,0,0,0,1,0,0,0,0,0,0,0,0,1,45.3695,6.8175,-74.8219,-3.6862
102,101,14:22:07.3976,0,0,0,0,0,1,0,0,0,0,0,0,0,0,1,45.3713,6.8152,-74.8243,-3.6825
103,102,14:22:07.3981,0,0,0,0,0,1,0,0,0,0,0,0,0,0,1,45.3703,6.8168,-74.8224,-3.6875
104,103,14:22:07.3986,0,0,0,0,0,1,0,0,0,0,0,0,0,0,1,45.3698,6.8186,-74.8218,-3.6907
105,104,14:22:07.3991,0,0,0,0,0,1,0,0,0,0,0,0,0,0,1,45.3697,6.8199,-74.8217,-3.6914
106,105,14:22:07.3996,0,0,0,0,0,1,0,0,0,0,0,0,0,0,1,45.3693,6.8175,-74.8206,-3.6867
107,106,14:22:07.4002,0,0,0,0,0,1,0,0,0,0,0,0,0,0,1,45.3687,6.8157,-74.8202,-3.6856
108,107,14:22:07.4007,0,0,0,0,0,1,0,0,0,0,0,0,0,0,1,45.3699,6.8176,-74.8217,-3.6877
109,108,14:22:07.4012,0,0,0,0,0,1,0,0,0,0,0,0,0,0,1,45.3730,6.8218,-74.8324,-3.6979
110,109,14:22:07.4017,0,0,0,0,0,1,0,0,0,0,0,0,0,0,1,45.3735,6.8222,-74.8347,-3.6993
111,110,14:22:07.4022,0,0,0,0,0,1,0,0,0,0,0,0,0,0,1,45.3753,6.8232,-74.8389,-3.7009
112,111,14:22:07.4028,0,0,0,0,0,1,0,0,0,0,0,0,0,0,1,45.3761,6.8234,-74.8410,-3.7013
113,112,14:22:07.4033,0,0,0,0,0,1,0,0,0,0,0,0,0,0,1,45.3798,6.8237,-74.8501,-3.7010
114,113,14:22:07.4038,0,0,0,0,0,1,0,0,0,0,0,0,0,0,1,45.3735,6.8246,-74.8412,-3.7029
115,114,14:22:07.4043,0,0,0,0,0,1,0,0,0,0,0,0,0,0,1,45.3728,6.8245,-74.8382,-3.7042
116,115,14:22:07.4048,0,0,0,0,0,1,0,0,0,0,0,0,0,0,1,45.3735,6.8242,-74.8406,-3.7024
117,116,14:22:07.4054,0,0,0,0,0,1,0,0,0,0,0,0,0,0,1,45.3693,6.8279,-74.8354,-3.7078
118,117,14:22:07.4059,0,0,0,0,0,1,0,0,0,0,0,0,0,0,1,45.3661,6.8316,-74.8311,-3.7144
119,118,14:22:07.4064,0,0,0,0,0,1,0,0,0,0,0,0,0,0,1,45.3652,6.8334,-74.8293,-3.7188
120,119,14:22:07.4069,0,0,0,0,0,1,0,0,0,0,0,0,0,0,1,45.3651,6.8337,-74.8292,-3.7199
121,120,14:22:07.4075,0,0,0,0,0,1,0,0,0,0,0,0,0,0,1,45.3650,6.8358,-74.8291,-3.7205
122,121,14:22:07.4080,0,0,0,0,0,1,0,0,0,0,0,0,0,0,1,45.3646,6.8337,-74.8287,-3.7187
123,122,14:22:07.4085,0,0,0,0,0,1,0,0,0,0,0,0,0,0,1,45.3638,6.8303,-74.8252,-3.7106
124,123,14:22:07.4090,0,0,0,0,0,1,0,0,0,0,0,0,0,0,1,45.3628,6.8283,-74.8216,-3.7056
125,124,14:22:07.4095,0,0,0,0,0,1,0,0,0,0,0,0,0,0,1,45.3616,6.8269,-74.8178,-3.7020
126,125,14:22:07.4101,0,0,0,0,0,1,0,0,0,0,0,0,0,0,1,45.3636,6.8281,-74.8183,-3.7024
127,126,14:22:07.4106,0,0,0,0,0,1,0,0,0,0,0,0,0,0,1,45.3638,6.8282,-74.8153,-3.7014
128,127,14:22:07.4111,0,0,0,0,0,1,0,0,0,0,0,0,0,0,1,45.3595,6.8271,-74.8123,-3.7007
129,128,14:22:07.4116,0,0,0,0,0,1,0,0,0,0,0,0,0,0,1,45.3584,6.8271,-74.8101,-3.7008
130,129,14:22:07.4121,0,0,0,0,0,1,0,0,0,0,0,0,0,0,1,45.3599,6.8271,-74.8139,-3.7000
131,130,14:22:07.4127,0,0,0,0,0,1,0,0,0,0,0,0,0,0,1,45.3561,6.8283,-74.8064,-3.7033
132,131,14:22:07.4132,0,0,0,0,0,1,0,0,0,0,0,0,0,0,1,45.3589,6.8269,-74.8099,-3.7010
133,132,14:22:07.4137,0,0,0,0,0,1,0,0,0,0,0,0,0,0,1,45.3622,6.8242,-74.8153,-3.6955
134,133,14:22:07.4142,0,0,0,0,0,1,0,0,0,0,0,0,0,0,1,45.3579,6.8297,-74.8093,-3.7049
135,134,14:22:07.4147,0,0,0,0,0,1,0,0,0,0,0,0,0,0,1,45.3583,6.8296,-74.8104,-3.7021
136,135,14:22:07.4153,0,0,0,0,0,1,0,0,0,0,0,0,0,0,1,45.3581,6.8305,-74.8100,-3.7048
137,136,14:22:07.4158,0,0,0,0,0,1,0,0,0,0,0,0,0,0,1,45.3581,6.8294,-74.8098,-3.7009
138,137,14:22:07.4163,0,0,0,0,0,1,0,0,0,0,0,0,0,0,1,45.3589,6.8349,-74.8122,-3.7113
139,138,14:22:07.4168,0,0,0,0,0,1,0,0,0,0,0,0,0,0,1,45.3600,6.8389,-74.8140,-3.7158
140,139,14:22:07.4173,0,0,0,0,0,1,0,0,0,0,0,0,0,0,1,45.3598,6.8386,-74.8129,-3.7144
141,140,14:22:07.4179,0,0,0,0,0,1,0,0,0,0,0,0,0,0,1,45.3593,6.8378,-74.8093,-3.7111
142,141,14:22:07.4184,0,0,0,0,0,1,0,0,0,0,0,0,0,0,1,45.3604,6.8390,-74.8137,-3.7139
143,142,14:22:07.4189,0,0,0,0,0,1,0,0,0,0,0,0,0,0,1,45.3583,6.8379,-74.8085,-3.7119
144,143,14:22:07.4194,0,0,0,0,0,1,0,0,0,0,0,0,0,0,1,45.3550,6.8369,-74.7984,-3.7103
145,144,14:22:07.4200,0,0,0,0,0,1,0,0,0,0,0,0,0,0,1,45.3543,6.8371,-74.7991,-3.7103
146,145,14:22:07.4205,0,0,0,0,0,1,0,0,0,0,0,0,0,0,1,45.3546,6.8370,-74.7977,-3.7107
147,146,14:22:07.4210,0,0,0,0,0,1,0,0,0,0,0,0,0,0,1,45.3551,6.8369,-74.7984,-3.7104
148,147,14:22:07.4215,0,0,0,0,0,1,0,0,0,0,0,0,0,0,1,45.3564,6.8360,-74.8010,-3.7085
149,148,14:22:07.4220,0,0,0,0,0,1,0,0,0,0,0,0,0,0,1,45.3589,6.8337,-74.8056,-3.7035
150,149,14:22:07.4226,0,0,0,0,0,1,0,0,0,0,0,0,0,0,1,45.3619,6.8300,-74.8094,-3.6978
151,150,14:22:07.4231,0,0,0,0,0,1,0,0,0,0,0,0,0,0,1,45.3628,6.8285,-74.8102,-3.6961
152,151,14:22:07.4236,0,0,0,0,0,1,0,0,0,0,0,0,0,0,1,45.3638,6.8241,-74.8112,-3.6907
153,152,14:22:07.4241,0,0,0,0,0,1,0,0,0,0,0,0,0,0,1,45.3635,6.8269,-74.8114,-3.6979
154,153,14:22:07.4246,0,0,0,0,0,1,0,0,0,0,0,0,0,0,1,45.3639,6.8296,-74.8124,-3.7025
155,154,14:22:07.4252,0,0,0,0,0,1,0,0,0,0,0,0,0,0,1,45.3650,6.8332,-74.8154,-3.7092
156,155,14:22:07.4257,0,0,0,0,0,1,0,0,0,0,0,0,0,0,1,45.3650,6.8332,-74.8157,-3.7097
157,156,14:22:07.4262,0,0,0,0,0,1,0,0,0,0,0,0,0,0,1,45.3676,6.8361,-74.8212,-3.7148
158,157,14:22:07.4267,0,0,0,0,0,1,0,0,0,0,0,0,0,0,1,45.3628,6.8327,-74.8145,-3.7105
159,158,14:22:07.4272,0,0,0,0,0,1,0,0,0,0,0,0,0,0,1,45.3623,6.8325,-74.8156,-3.7109
160,159,14:22:07.4278,0,0,0,0,0,1,0,0,0,0,0,0,0,0,1,45.3622,6.8325,-74.8136,-3.7106
161,160,14:22:07.4283,0,0,0,0,0,1,0,0,0,0,0,0,0,0,1,45.3625,6.8325,-74.8130,-3.7107
162,161,14:22:07.4288,0,0,0,0,0,1,0,0,0,0,0,0,0,0,1,45.3578,6.8329,-74.8039,-3.7127
163,162,14:22:07.4293,0,0,0,0,0,1,0,0,0,0,0,0,0,0,1,45.3601,6.8323,-74.8099,-3.7100
164,163,14:22:07.4298,0,0,0,0,0,1,0,0,0,0,0,0,0,0,1,45.3526,6.8364,-74.7987,-3.7177
165,164,14:22:07.4304,0,0,0,0,0,1,0,0,0,0,0,0,0,0,1,45.3533,6.8357,-74.7992,-3.7172
166,165,14:22:07.4309,0,0,0,0,0,1,0,0,0,0,0,0,0,0,1,45.3545,6.8342,-74.8007,-3.7148
167,166,14:22:07.4314,0,0,0,0,0,1,0,0,0,0,0,0,0,0,1,45.3548,6.8327,-74.7994,-3.7183
168,167,14:22:07.4319,0,0,0,0,0,1,0,0,0,0,0,0,0,0,1,45.3555,6.8295,-74.8003,-3.7133
169,168,14:22:07.4325,0,0,0,0,0,1,0,0,0,0,0,0,0,0,1,45.3562,6.8236,-74.8002,-3.7034
170,169,14:22:07.4330,0,0,0,0,0,1,0,0,0,0,0,0,0,0,1,45.3561,6.8227,-74.7990,-3.6988
171,170,14:22:07.4335,0,0,0,0,0,1,0,0,0,0,0,0,0,0,1,45.3545,6.8181,-74.7969,-3.6937
172,171,14:22:07.4340,0,0,0,0,0,1,0,0,0,0,0,0,0,0,1,45.3528,6.8154,-74.7961,-3.6923
173,172,14:22:07.4345,0,0,0,0,0,1,0,0,0,0,0,0,0,0,1,45.3516,6.8138,-74.7946,-3.6907
174,173,14:22:07.4351,0,0,0,0,0,1,0,0,0,0,0,0,0,0,1,45.3536,6.8154,-74.7976,-3.6927
175,174,14:22:07.4356,0,0,0,0,0,1,0,0,0,0,0,0,0,0,1,45.3544,6.8158,-74.7982,-3.6930
176,175,14:22:07.4361,0,0,0,0,0,1,0,0,0,0,0,0,0,0,1,45.3602,6.8173,-74.8084,-3.6947
177,176,14:22:07.4366,0,0,0,0,0,1,0,0,0,0,0,0,0,0,1,45.3573,6.8169,-74.8008,-3.6949
178,177,14:22:07.4371,0,0,0,0,0,1,0,0,0,0,0,0,0,0,1,45.3544,6.8173,-74.7970,-3.6957
179,178,14:22:07.4377,0,0,0,0,0,1,0,0,0,0,0,0,0,0,1,45.3586,6.8161,-74.8046,-3.6925
180,179,14:22:07.4382,0,0,0,0,0,1,0,0,0,0,0,0,0,0,1,45.3640,6.8131,-74.8128,-3.6868
181,180,14:22:07.4387,0,0,0,0,0,1,0,0,0,0,0,0,0,0,1,45.3647,6.8125,-74.8128,-3.6870
182,181,14:22:07.4392,0,0,0,0,0,1,0,0,0,0,0,0,0,0,1,45.3635,6.8142,-74.8120,-3.6881
183,182,14:22:07.4397,0,0,0,0,0,1,0,0,0,0,0,0,0,0,1,45.3644,6.8120,-74.8125,-3.6867
184,183,14:22:07.4403,0,0,0,0,0,1,0,0,0,0,0,0,0,0,1,45.3639,6.8135,-74.8119,-3.6906
185,184,14:22:07.4408,0,0,0,0,0,1,0,0,0,0,0,0,0,0,1,45.3642,6.8102,-74.8117,-3.6843
186,185,14:22:07.4413,0,0,0,0,0,1,0,0,0,0,0,0,0,0,1,45.3642,6.8095,-74.8115,-3.6832
187,186,14:22:07.4418,0,0,0,0,0,1,0,0,0,0,0,0,0,0,1,45.3641,6.8095,-74.8118,-3.6838
188,187,14:22:07.4423,0,0,0,0,0,1,0,0,0,0,0,0,0,0,1,45.3657,6.8125,-74.8153,-3.6889
189,188,14:22:07.4429,0,0,0,0,0,1,0,0,0,0,0,0,0,0,1,45.3644,6.8106,-74.8094,-3.6833
190,189,14:22:07.4434,0,0,0,0,0,1,0,0,0,0,0,0,0,0,1,45.3661,6.8119,-74.8113,-3.6845
191,190,14:22:07.4439,0,0,0,0,0,1,0,0,0,0,0,0,0,0,1,45.3661,6.8119,-74.8132,-3.6852
192,191,14:22:07.4444,0,0,0,0,0,1,0,0,0,0,0,0,0,0,1,45.3655,6.8117,-74.8145,-3.6853
193,192,14:22:07.4450,0,0,0,0,0,1,0,0,0,0,0,0,0,0,1,45.3642,6.8116,-74.8132,-3.6853
194,193,14:22:07.4455,0,0,0,0,0,1,0,0,0,0,0,0,0,0,1,45.3733,6.8108,-74.8285,-3.6821
195,194,14:22:07.4460,0,0,0,0,0,1,0,0,0,0,0,0,0,0,1,45.3710,6.8115,-74.8250,-3.6836
196,195,14:22:07.4465,0,0,0,0,0,1,0,0,0,0,0,0,0,0,1,45.3774,6.8078,-74.8321,-3.6788
197,196,14:22:07.4470,0,0,0,0,0,1,0,0,0,0,0,0,0,0,1,45.3765,6.8085,-74.8301,-3.6809
198,197,14:22:07.4476,0,0,0,0,0,1,0,0,0,0,0,0,0,0,1,45.3788,6.8053,-74.8324,-3.6774
199,198,14:22:07.4481,0,0,0,0,0,1,0,0,0,0,0,0,0,0,1,45.3792,6.8048,-74.8342,-3.6722
200,199,14:22:07.4486,0,0,0,0,0,1,0,0,0,0,0,0,0,0,1,45.3786,6.8070,-74.8337,-3.6751
201,200,14:22:07.4491,0,0,0,0,0,1,0,0,0,0,0,0,0,0,1,45.3781,6.8130,-74.8340,-3.6874
202,201,14:22:07.4496,0,0,0,0,0,1,0,0,0,0,0,0,0,0,1,45.3783,6.8141,-74.8346,-3.6898
203,202,14:22:07.4502,0,0,0,0,0,1,0,0,0,0,0,0,0,0,1,45.3792,6.8166,-74.8357,-3.6924
204,203,14:22:07.4507,0,0,0,0,0,1,0,0,0,0,0,0,0,0,1,45.3801,6.8184,-74.8374,-3.6949
205,204,14:22:07.4512,0,0,0,0,0,1,0,0,0,0,0,0,0,0,1,45.3822,6.8206,-74.8393,-3.6969
206,205,14:22:07.4517,0,0,0,0,0,1,0,0,0,0,0,0,0,0,1,45.3821,6.8203,-74.8347,-3.6940
207,206,14:22:07.4522,0,0,0,0,0,1,0,0,0,0,0,0,0,0,1,45.3804,6.8194,-74.8324,-3.6931
208,207,14:22:07.4528,0,0,0,0,0,1,0,0,0,0,0,0,0,0,1,45.3781,6.8189,-74.8297,-3.6926
209,208,14:22:07.4533,0,0,0,0,0,1,0,0,0,0,0,0,0,0,1,45.3837,6.8195,-74.8404,-3.6925
210,209,14:22:07.4538,0,0,0,0,0,1,0,0,0,0,0,0,0,0,1,45.3870,6.8190,-74.8444,-3.6916
211,210,14:22:07.4543,0,0,0,0,0,1,0,0,0,0,0,0,0,0,1,45.3832,6.8200,-74.8359,-3.6953
212,211,14:22:07.4548,0,0,0,0,0,1,0,0,0,0,0,0,0,0,1,45.3775,6.8234,-74.8290,-3.7000
213,212,14:22:07.4554,0,0,0,0,0,1,0,0,0,0,0,0,0,0,1,45.3760,6.8246,-74.8241,-3.7054
214,213,14:22:07.4559,0,0,0,0,0,1,0,0,0,0,0,0,0,0,1,45.3771,6.8233,-74.8249,-3.7044
215,214,14:22:07.4564,0,0,0,0,0,1,0,0,0,0,0,0,0,0,1,45.3761,6.8253,-74.8239,-3.7067
216,215,14:22:07.4569,0,0,0,0,0,1,0,0,0,0,0,0,0,0,1,45.3751,6.8292,-74.8232,-3.7103
217,216,14:22:07.4575,0,0,0,0,0,1,0,0,0,0,0,0,0,0,1,45.3748,6.8328,-74.8233,-3.7182
218,217,14:22:07.4580,0,0,0,0,0,1,0,0,0,0,0,0,0,0,1,45.3746,6.8321,-74.8232,-3.7177
219,218,14:22:07.4585,0,0,0,0,0,1,0,0,0,0,0,0,0,0,1,45.3754,6.8344,-74.8240,-3.7195
220,219,14:22:07.4590,0,0,0,0,0,1,0,0,0,0,0,0,0,0,1,45.3744,6.8324,-74.8216,-3.7161
221,220,14:22:07.4595,0,0,0,0,0,1,0,0,0,0,0,0,0,0,1,45.3703,6.8282,-74.8207,-3.7150
222,221,14:22:07.4601,0,0,0,0,0,1,0,0,0,0,0,0,0,0,1,45.3735,6.8306,-74.8280,-3.7195
223,222,14:22:07.4606,0,0,0,0,0,1,0,0,0,0,0,0,0,0,1,45.3770,6.8323,-74.8315,-3.7209
224,223,14:22:07.4611,0,0,0,0,0,1,0,0,0,0,0,0,0,0,1,45.3828,6.8339,-74.8392,-3.7224
225,224,14:22:07.4616,0,0,0,0,0,1,0,0,0,0,0,0,0,0,1,45.3857,6.8341,-74.8443,-3.7223
226,225,14:22:07.4621,0,0,0,0,0,1,0,0,0,0,0,0,0,0,1,45.3817,6.8343,-74.8357,-3.7241
227,226,14:22:07.4627,0,0,0,0,0,1,0,0,0,0,0,0,0,0,1,45.3843,6.8334,-74.8369,-3.7237
228,227,14:22:07.4632,0,0,0,0,0,1,0,0,0,0,0,0,0,0,1,45.3826,6.8345,-74.8361,-3.7243
229,228,14:22:07.4637,0,0,0,0,0,1,0,0,0,0,0,0,0,0,1,45.3792,6.8377,-74.8336,-3.7267
230,229,14:22:07.4642,0,0,0,0,0,1,0,0,0,0,0,0,0,0,1,45.3791,6.8380,-74.8336,-3.7269
231,230,14:22:07.4647,0,0,0,0,0,1,0,0,0,0,0,0,0,0,1,45.3779,6.8404,-74.8322,-3.7305
232,231,14:22:07.4653,0,0,0,0,0,1,0,0,0,0,0,0,0,0,1,45.3776,6.8415,-74.8314,-3.7353
233,232,14:22:07.4658,0,0,0,0,0,1,0,0,0,0,0,0,0,0,1,45.3776,6.8416,-74.8313,-3.7333
234,233,14:22:07.4663,0,0,0,0,0,1,0,0,0,0,0,0,0,0,1,45.3772,6.8380,-74.8297,-3.7261
235,234,14:22:07.4668,0,0,0,0,0,1,0,0,0,0,0,0,0,0,1,45.3771,6.8380,-74.8291,-3.7250
236,235,14:22:07.4673,0,0,0,0,0,1,0,0,0,0,0,0,0,0,1,45.3756,6.8351,-74.8257,-3.7201
237,236,14:22:07.4679,0,0,0,0,0,1,0,0,0,0,0,0,0,0,1,45.3743,6.8336,-74.8243,-3.7187
238,237,14:22:07.4684,0,0,0,0,0,1,0,0,0,0,0,0,0,0,1,45.3706,6.8308,-74.8184,-3.7149
239,238,14:22:07.4689,0,0,0,0,0,1,0,0,0,0,0,0,0,0,1,45.3725,6.8317,-74.8230,-3.7166
240,239,14:22:07.4694,0,0,0,0,0,1,0,0,0,0,0,0,0,0,1,45.3750,6.8322,-74.8251,-3.7169
241,240,14:22:07.4700,0,0,0,0,0,1,0,0,0,0,0,0,0,0,1,45.3732,6.8318,-74.8199,-3.7170
242,241,14:22:07.4705,0,0,0,0,0,1,0,0,0,0,0,0,0,0,1,45.3706,6.8324,-74.8176,-3.7176
243,242,14:22:07.4710,0,0,0,0,0,1,0,0,0,0,0,0,0,0,1,45.3668,6.8337,-74.8146,-3.7188
244,243,14:22:07.4715,0,0,0,0,0,1,0,0,0,0,0,0,0,0,1,45.3688,6.8322,-74.8160,-3.7177
245,244,14:22:07.4720,0,0,0,0,0,1,0,0,0,0,0,0,0,0,1,45.3702,6.8311,-74.8215,-3.7117
246,245,14:22:07.4726,0,0,0,0,0,1,0,0,0,0,0,0,0,0,1,45.3694,6.8317,-74.8190,-3.7155
247,246,14:22:07.4731,0,0,0,0,0,1,0,0,0,0,0,0,0,0,1,45.3697,6.8313,-74.8198,-3.7137
248,247,14:22:07.4736,0,0,0,0,0,1,0,0,0,0,0,0,0,0,1,45.3706,6.8278,-74.8206,-3.7090
249,248,14:22:07.4741,0,0,0,0,0,1,0,0,0,0,0,0,0,0,1,45.3711,6.8213,-74.8205,-3.6992
250,249,14:22:07.4746,0,0,0,0,0,1,0,0,0,0,0,0,0,0,1,45.3715,6.8243,-74.8202,-3.6991
251,250,14:22:07.4752,0,0,0,0,0,1,0,0,0,0,0,0,0,0,1,45.3696,6.8186,-74.8156,-3.6888
252,251,14:22:07.4757,0,0,0,0,0,1,0,0,0,0,0,0,0,0,1,45.3675,6.8150,-74.8124,-3.6840
253,252,14:22:07.4762,0,0,0,0,0,1,0,0,0,0,0,0,0,0,1,45.3708,6.8185,-74.8130,-3.6850
254,253,14:22:07.4767,0,0,0,0,0,1,0,0,0,0,0,0,0,0,1,45.3671,6.8159,-74.8077,-3.6816
255,254,14:22:07.4772,0,0,0,0,0,1,0,0,0,0,0,0,0,0,1,45.3628,6.8138,-74.8036,-3.6799
256,255,14:22:07.4778,0,0,0,0,0,1,0,0,0,0,0,0,0,0,1,45.3593,6.8127,-74.7978,-3.6788
257,256,14:22:07.4783,0,0,0,0,0,1,0,0,0,0,0,0,0,0,1,45.3568,6.8125,-74.7936,-3.6789
258,257,14:22:07.4788,0,0,0,0,0,1,0,0,0,0,0,0,0,0,1,45.3558,6.8128,-74.7923,-3.6792
259,258,14:22:07.4793,0,0,0,0,0,1,0,0,0,0,0,0,0,0,1,45.3504,6.8144,-74.7864,-3.6816
260,259,14:22:07.4798,0,0,0,0,0,1,0,0,0,0,0,0,0,0,1,45.3426,6.8186,-74.7720,-3.6916
261,260,14:22:07.4804,0,0,0,0,0,1,0,0,0,0,0,0,0,0,1,45.3456,6.8159,-74.7754,-3.6881
262,261,14:22:07.4809,0,0,0,0,0,1,0,0,0,0,0,0,0,0,1,45.3421,6.8204,-74.7724,-3.6925
263,262,14:22:07.4814,0,0,0,0,0,1,0,0,0,0,0,0,0,0,1,45.3416,6.8214,-74.7711,-3.6961
264,263,14:22:07.4819,0,0,0,0,0,1,0,0,0,0,0,0,0,0,1,45.3432,6.8152,-74.7731,-3.6847
265,264,14:22:07.4825,0,0,0,0,0,1,0,0,0,0,0,0,0,0,1,45.3432,6.8175,-74.7733,-3.6898
266,265,14:22:07.4830,0,0,0,0,0,1,0,0,0,0,0,0,0,0,1,45.3427,6.8143,-74.7726,-3.6866
267,266,14:22:07.4835,0,0,0,0,0,1,0,0,0,0,0,0,0,0,1,45.3433,6.8161,-74.7745,-3.6908
268,267,14:22:07.4840,0,0,0,0,0,1,0,0,0,0,0,0,0,0,1,45.3438,6.8169,-74.7751,-3.6916
269,268,14:22:07.4845,0,0,0,0,0,1,0,0,0,0,0,0,0,0,1,45.3456,6.8191,-74.7784,-3.6948
270,269,14:22:07.4851,0,0,0,0,0,1,0,0,0,0,0,0,0,0,1,45.3466,6.8199,-74.7817,-3.6968
271,270,14:22:07.4856,0,0,0,0,0,1,0,0,0,0,0,0,0,0,1,45.3455,6.8195,-74.7787,-3.6958
272,271,14:22:07.4861,0,0,0,0,0,1,0,0,0,0,0,0,0,0,1,45.3414,6.8184,-74.7715,-3.6945
273,272,14:22:07.4866,0,0,0,0,0,1,0,0,0,0,0,0,0,0,1,45.3427,6.8186,-74.7731,-3.6946
274,273,14:22:07.4871,0,0,0,0,0,1,0,0,0,0,0,0,0,0,1,45.3455,6.8179,-74.7739,-3.6944
275,274,14:22:07.4877,0,0,0,0,0,1,0,0,0,0,0,0,0,0,1,45.3532,6.8153,-74.7825,-3.6908
276,275,14:22:07.4882,0,0,0,0,0,1,0,0,0,0,0,0,0,0,1,45.3525,6.8156,-74.7807,-3.6920
277,276,14:22:07.4887,0,0,0,0,0,1,0,0,0,0,0,0,0,0,1,45.3489,6.8188,-74.7745,-3.6986
278,277,14:22:07.4892,0,0,0,0,0,1,0,0,0,0,0,0,0,0,1,45.3483,6.8200,-74.7757,-3.6966
279,278,14:22:07.4897,0,0,0,0,0,1,0,0,0,0,0,0,0,0,1,45.3500,6.8167,-74.7782,-3.6904
280,279,14:22:07.4903,0,0,0,0,0,1,0,0,0,0,0,0,0,0,1,45.3490,6.8211,-74.7771,-3.6963
281,280,14:22:07.4908,0,0,0,0,0,1,0,0,0,0,0,0,0,0,1,45.3488,6.8235,-74.7771,-3.6996
282,281,14:22:07.4913,0,0,0,0,0,1,0,0,0,0,0,0,0,0,1,45.3488,6.8242,-74.7785,-3.7047
283,282,14:22:07.4918,0,0,0,0,0,1,0,0,0,0,0,0,0,0,1,45.3498,6.8275,-74.7815,-3.7117
284,283,14:22:07.4923,0,0,0,0,0,1,0,0,0,0,0,0,0,0,1,45.3502,6.8281,-74.7819,-3.7122
285,284,14:22:07.4929,0,0,0,0,0,1,0,0,0,0,0,0,0,0,1,45.3507,6.8288,-74.7837,-3.7140
286,285,14:22:07.4934,0,0,0,0,0,1,0,0,0,0,0,0,0,0,1,45.3493,6.8276,-74.7797,-3.7114
287,286,14:22:07.4939,0,0,0,0,0,1,0,0,0,0,0,0,0,0,1,45.3516,6.8289,-74.7821,-3.7125
288,287,14:22:07.4944,0,0,0,0,0,1,0,0,0,0,0,0,0,0,1,45.3537,6.8294,-74.7843,-3.7129
289,288,14:22:07.4950,0,0,0,0,0,1,0,0,0,0,0,0,0,0,1,45.3540,6.8295,-74.7862,-3.7129
290,289,14:22:07.4955,0,0,0,0,0,1,0,0,0,0,0,0,0,0,1,45.3510,6.8298,-74.7837,-3.7133
291,290,14:22:07.4960,0,0,0,0,0,1,0,0,0,0,0,0,0,0,1,45.3569,6.8280,-74.7913,-3.7101
292,291,14:22:07.4965,0,0,0,0,0,1,0,0,0,0,0,0,0,0,1,45.3634,6.8246,-74.8060,-3.6997
293,292,14:22:07.4970,0,0,0,0,0,1,0,0,0,0,0,0,0,0,1,45.3632,6.8245,-74.8036,-3.7022
294,293,14:22:07.4976,0,0,0,0,0,1,0,0,0,0,0,0,0,0,1,45.3696,6.8162,-74.8108,-3.6914
295,294,14:22:07.4981,0,0,0,0,0,1,0,0,0,0,0,0,0,0,1,45.3710,6.8134,-74.8127,-3.6862
296,295,14:22:07.4986,0,0,0,0,0,1,0,0,0,0,0,0,0,0,1,45.3705,6.8151,-74.8122,-3.6893
297,296,14:22:07.4991,0,0,0,0,0,1,0,0,0,0,0,0,0,0,1,45.3706,6.8145,-74.8121,-3.6863
298,297,14:22:07.4996,0,0,0,0,0,1,0,0,0,0,0,0,0,0,1,45.3710,6.8178,-74.8132,-3.6916
299,298,14:22:07.5002,0,0,0,0,0,1,0,0,0,0,0,0,0,0,1,45.3705,6.8163,-74.8126,-3.6900
300,299,14:22:07.5007,0,0,0,0,0,1,0,0,0,0,0,0,0,0,1,45.3700,6.8156,-74.8115,-3.6887
301,300,14:22:07.5012,0,0,0,0,0,1,0,0,0,0,0,0,0,0,1,45.3704,6.8159,-74.8109,-3.6881
302,301,14:22:07.5017,0,0,0,0,0,1,0,0,0,0,0,0,0,0,1,45.3713,6.8166,-74.8115,-3.6885
303,302,14:22:07.5022,0,0,0,0,0,1,0,0,0,0,0,0,0,0,1,45.3685,6.8151,-74.8086,-3.6873
304,303,14:22:07.5028,0,0,0,0,0,1,0,0,0,0,0,0,0,0,1,45.3703,6.8159,-74.8139,-3.6882
305,304,14:22:07.5033,0,0,0,0,0,1,0,0,0,0,0,0,0,0,1,45.3665,6.8155,-74.8089,-3.6882
306,305,14:22:07.5038,0,0,0,0,0,1,0,0,0,0,0,0,0,0,1,45.3695,6.8153,-74.8150,-3.6870
307,306,14:22:07.5043,0,0,0,0,0,1,0,0,0,0,0,0,0,0,1,45.3635,6.8175,-74.8089,-3.6895
308,307,14:22:07.5048,0,0,0,0,0,1,0,0,0,0,0,0,0,0,1,45.3591,6.8201,-74.8026,-3.6939
309,308,14:22:07.5054,0,0,0,0,0,1,0,0,0,0,0,0,0,0,1,45.3601,6.8192,-74.8039,-3.6925
310,309,14:22:07.5059,0,0,0,0,0,1,0,0,0,0,0,0,0,0,1,45.3638,6.8144,-74.8088,-3.6849
311,310,14:22:07.5064,0,0,0,0,0,1,0,0,0,0,0,0,0,0,1,45.3625,6.8168,-74.8066,-3.6908
312,311,14:22:07.5069,0,0,0,0,0,1,0,0,0,0,0,0,0,0,1,45.3623,6.8170,-74.8065,-3.6910
313,312,14:22:07.5075,0,0,0,0,0,1,0,0,0,0,0,0,0,0,1,45.3624,6.8192,-74.8063,-3.6894
314,313,14:22:07.5080,0,0,0,0,0,1,0,0,0,0,0,0,0,0,1,45.3619,6.8157,-74.8046,-3.6821
315,314,14:22:07.5085,0,0,0,0,0,1,0,0,0,0,0,0,0,0,1,45.3613,6.8132,-74.8017,-3.6754
316,315,14:22:07.5090,0,0,0,0,0,1,0,0,0,0,0,0,0,0,1,45.3622,6.8145,-74.8019,-3.6758
317,316,14:22:07.5095,0,0,0,0,0,1,0,0,0,0,0,0,0,0,1,45.3615,6.8137,-74.8014,-3.6753
318,317,14:22:07.5101,0,0,0,0,0,1,0,0,0,0,0,0,0,0,1,45.3632,6.8151,-74.8059,-3.6781
319,318,14:22:07.5106,0,0,0,0,0,1,0,0,0,0,0,0,0,0,1,45.3615,6.8140,-74.8005,-3.6760
320,319,14:22:07.5111,0,0,0,0,0,1,0,0,0,0,0,0,0,0,1,45.3615,6.8140,-74.7994,-3.6758
321,320,14:22:07.5116,0,0,0,0,0,1,0,0,0,0,0,0,0,0,1,44.7935,6.8511,-70.8055,-3.9354
322,321,14:22:07.5121,0,0,0,0,0,1,0,0,0,0,0,0,0,0,1,41.1398,7.2617,-62.5020,-5.7101
323,322,14:22:07.5127,0,0,0,0,0,1,0,0,0,0,0,0,0,0,1,35.9149,8.4693,-52.7607,-8.9675
324,323,14:22:07.5132,0,0,0,0,0,1,0,0,0,0,0,0,0,0,1,30.4628,10.0656,-43.5435,-12.5591
325,324,14:22:07.5137,0,0,0,0,0,1,0,0,0,0,0,0,0,0,1,25.4550,11.5740,-35.5985,-15.6003
326,325,14:22:07.5142,0,0,0,0,0,1,0,0,0,0,0,0,0,0,1,21.1162,12.7665,-29.0435,-17.7834
327,326,14:22:07.5147,0,0,0,0,0,1,0,0,0,0,0,0,0,0,1,17.4757,13.6129,-23.7797,-19.1472
328,327,14:22:07.5153,0,0,0,0,0,1,0,0,0,0,0,0,0,0,1,14.4803,14.1762,-19.6392,-19.8569
329,328,14:22:07.5158,0,0,0,0,0,1,0,0,0,0,0,0,0,0,1,12.0616,14.5390,-16.4596,-20.0813
330,329,14:22:07.5163,0,0,0,0,0,1,0,0,0,0,0,0,0,0,1,10.1541,14.7770,-14.0947,-19.9511
331,330,14:22:07.5168,0,0,0,0,0,1,0,0,0,0,0,0,0,0,1,8.7108,14.9416,-12.4263,-19.5382
332,331,14:22:07.5173,0,0,0,0,0,1,0,0,0,0,0,0,0,0,1,7.7085,15.0518,-11.3513,-18.8632
333,332,14:22:07.5179,0,0,0,0,0,1,0,0,0,0,0,0,0,0,1,7.1396,15.0816,-10.7612,-17.8886
334,333,14:22:07.5184,0,0,0,0,0,1,0,0,0,0,0,0,0,0,1,6.9852,14.9495,-10.4994,-16.5397
335,334,14:22:07.5189,0,0,0,0,0,1,0,0,0,0,0,0,0,0,1,7.1689,14.5220,-10.3250,-14.7594
336,335,14:22:07.5194,0,0,0,0,0,1,0,0,0,0,0,0,0,0,1,7.4968,13.6797,-9.9283,-12.6304
337,336,14:22:07.5200,0,0,0,0,0,1,0,0,0,0,0,0,0,0,1,7.6882,12.4399,-9.0795,-10.4329
338,337,14:22:07.5205,0,0,0,0,0,1,0,0,0,0,0,0,0,0,1,7.5318,11.0115,-7.8038,-8.5325
339,338,14:22:07.5210,0,0,0,0,0,1,0,0,0,0,0,0,0,0,1,7.0180,9.6633,-6.3550,-7.1410
340,339,14:22:07.5215,0,0,0,0,0,1,0,0,0,0,0,0,0,0,1,6.2844,8.5574,-5.0003,-6.2343
341,340,14:22:07.5220,0,0,0,0,0,1,0,0,0,0,0,0,0,0,1,5.4821,7.7222,-3.8846,-5.6672
342,341,14:22:07.5226,0,0,0,0,0,1,0,0,0,0,0,0,0,0,1,4.7111,7.1158,-3.0371,-5.2931
343,342,14:22:07.5231,0,0,0,0,0,1,0,0,0,0,0,0,0,0,1,4.0168,6.6801,-2.4316,-5.0069
344,343,14:22:07.5236,0,0,0,0,0,1,0,0,0,0,0,0,0,0,1,3.4138,6.3660,-2.0225,-4.7453
345,344,14:22:07.5241,0,0,0,0,0,1,0,0,0,0,0,0,0,0,1,2.9001,6.1380,-1.7657,-4.4707
346,345,14:22:07.5246,0,0,0,0,0,1,0,0,0,0,0,0,0,0,1,2.4694,5.9716,-1.6233,-4.1606
347,346,14:22:07.5252,0,0,0,0,0,1,0,0,0,0,0,0,0,0,1,2.1146,5.8504,-1.5614,-3.8008
348,347,14:22:07.5257,0,0,0,0,0,1,0,0,0,0,0,0,0,0,1,1.8303,5.7622,-1.5481,-3.3816
349,348,14:22:07.5262,0,0,0,0,0,1,0,0,0,0,0,0,0,0,1,1.6130,5.6955,-1.5504,-2.8980
350,349,14:22:07.5267,0,0,0,0,0,1,0,0,0,0,0,0,0,0,1,1.4601,5.6392,-1.5326,-2.3527
351,350,14:22:07.5272,0,0,0,0,0,1,0,0,0,0,0,0,0,0,1,1.3678,5.5793,-1.4572,-1.7611
352,351,14:22:07.5278,0,1,0,1,0,1,0,0,0,0,0,0,0,0,1,1.3283,5.5007,-1.2915,-1.1564
353,352,14:22:07.5283,0,1,0,1,0,1,0,0,0,0,0,0,0,0,1,1.3668,5.4680,-1.2956,-1.1415
354,353,14:22:07.5288,0,1,0,1,0,1,0,0,0,0,0,0,0,0,1,1.3965,5.4291,-1.2965,-1.1266
355,354,14:22:07.5293,0,1,0,1,0,1,0,0,0,0,0,0,0,0,1,1.4170,5.3865,-1.2944,-1.1124
356,355,14:22:07.5298,0,1,0,1,0,1,0,0,0,0,0,0,0,0,1,1.4279,5.3421,-1.2893,-1.0992
357,356,14:22:07.5304,0,1,0,1,0,1,0,0,0,0,0,0,0,0,1,1.4296,5.2980,-1.2822,-1.0878
358,357,14:22:07.5309,0,1,0,1,0,1,0,0,0,0,0,0,0,0,1,1.4230,5.2560,-1.2733,-1.0783
359,358,14:22:07.5314,0,1,0,1,0,1,0,0,0,0,0,0,0,0,1,1.4088,5.2174,-1.2632,-1.0711
360,359,14:22:07.5319,0,1,0,1,0,1,0,0,0,0,0,0,0,0,1,1.3883,5.1836,-1.2520,-1.0662
361,360,14:22:07.5325,0,1,0,1,0,1,0,0,0,0,0,0,0,0,1,1.3627,5.1551,-1.2404,-1.0636
362,361,14:22:07.5330,0,1,0,1,0,1,0,0,0,0,0,0,0,0,1,1.3329,5.1329,-1.2294,-1.0628
363,362,14:22:07.5335,0,1,0,1,0,1,0,0,0,0,0,0,0,0,1,1.3009,5.1169,-1.2183,-1.0647
364,363,14:22:07.5340,0,1,0,1,0,1,0,0,0,0,1,0,0,0,1,1.2673,5.1074,-1.2082,-1.0682
365,364,14:22:07.5345,0,1,0,1,0,1,0,0,0,0,1,0,0,0,1,1.2335,5.1045,-1.1992,-1.0731
366,365,14:22:07.5351,0,1,0,1,0,1,0,0,0,0,1,0,0,0,1,1.2004,5.1078,-1.1915,-1.0791
367,366,14:22:07.5356,0,1,0,1,0,1,0,0,0,0,1,0,0,0,1,1.1692,5.1168,-1.1852,-1.0871
368,367,14:22:07.5361,0,1,0,1,0,1,0,0,0,0,1,0,0,0,1,1.1408,5.1311,-1.1804,-1.0952
369,368,14:22:07.5366,0,1,0,1,0,1,0,0,0,0,1,0,0,0,1,1.1158,5.1501,-1.1774,-1.1042
370,369,14:22:07.5371,0,1,0,1,0,1,0,0,0,0,1,0,0,0,1,1.0950,5.1728,-1.1762,-1.1136
371,370,14:22:07.5377,0,1,0,1,0,1,0,0,0,0,1,0,0,0,1,1.0791,5.1989,-1.1769,-1.1231
372,371,14:22:07.5382,0,1,0,1,0,1,0,0,0,0,1,0,0,0,1,1.0686,5.2271,-1.1789,-1.1319
373,372,14:22:07.5387,0,1,0,1,0,1,0,0,0,0,1,0,0,0,1,1.0640,5.2566,-1.1823,-1.1400
374,373,14:22:07.5392,0,1,0,1,0,1,0,0,0,0,1,0,0,0,1,1.0649,5.2860,-1.1876,-1.1473
375,374,14:22:07.5397,0,1,0,1,0,1,0,0,0,0,1,0,0,0,1,1.0714,5.3144,-1.1943,-1.1533
376,375,14:22:07.5403,0,1,0,1,0,1,0,0,0,0,1,0,0,0,1,1.0830,5.3408,-1.2020,-1.1579
377,376,14:22:07.5408,0,1,0,1,0,1,0,0,0,0,1,0,0,0,1,1.0995,5.3640,-1.2098,-1.1610
378,377,14:22:07.5413,0,1,0,1,0,1,0,0,0,0,1,0,0,0,1,1.1200,5.3833,-1.2184,-1.1623
379,378,14:22:07.5418,0,1,0,1,0,1,0,0,0,0,1,0,0,0,1,1.1436,5.3980,-1.2267,-1.1620
380,379,14:22:07.5423,0,1,0,1,0,1,0,0,0,0,1,0,0,0,1,1.1696,5.4071,-1.2349,-1.1597
381,380,14:22:07.5429,0,1,0,1,0,1,0,0,0,0,1,0,0,0,1,1.1965,5.4107,-1.2422,-1.1561
382,381,14:22:07.5434,0,1,0,1,0,1,0,0,0,0,1,0,0,0,1,1.2229,5.4089,-1.2485,-1.1515
383,382,14:22:07.5439,0,1,0,1,0,1,0,0,0,0,1,0,0,0,1,1.2478,5.4019,-1.2536,-1.1456
384,383,14:22:07.5444,0,1,0,1,0,1,0,0,0,0,1,0,0,0,1,1.2705,5.3903,-1.2573,-1.1388
385,384,14:22:07.5450,0,1,0,1,0,1,0,0,0,0,1,0,0,0,1,1.2897,5.3747,-1.2593,-1.1314
386,385,14:22:07.5455,0,1,0,1,0,1,0,0,0,0,1,0,0,0,1,1.3052,5.3563,-1.2599,-1.1241
387,386,14:22:07.5460,0,1,0,1,0,1,0,0,0,0,1,0,0,0,1,1.3160,5.3354,-1.2592,-1.1170
388,387,14:22:07.5465,0,1,0,1,0,1,0,0,0,0,1,0,0,0,1,1.3223,5.3134,-1.2571,-1.1104
389,388,14:22:07.5470,0,1,0,1,0,1,0,0,0,0,1,0,0,0,1,1.3242,5.2912,-1.2540,-1.1047
390,389,14:22:07.5476,0,1,0,1,0,1,0,0,0,0,1,0,0,0,1,1.3215,5.2698,-1.2498,-1.0997
391,390,14:22:07.5481,0,1,0,1,0,1,0,0,0,0,1,0,0,0,1,1.3151,5.2498,-1.2446,-1.0958
392,391,14:22:07.5486,0,1,0,1,0,1,0,0,0,0,1,0,0,0,1,1.3048,5.2320,-1.2393,-1.0930
393,392,14:22:07.5491,0,1,0,1,0,1,0,0,0,0,1,0,0,0,1,1.2918,5.2169,-1.2333,-1.0914
394,393,14:22:07.5496,0,1,0,1,0,1,0,0,0,0,1,0,0,0,1,1.2766,5.2049,-1.2272,-1.0911
395,394,14:22:07.5502,0,1,0,1,0,1,0,0,0,0,1,1,1,0,1,1.2598,5.1962,-1.2215,-1.0918
396,395,14:22:07.5507,0,1,0,1,0,1,0,0,0,0,1,1,1,0,1,1.2423,5.1909,-1.2162,-1.0935
397,396,14:22:07.5512,0,1,0,1,0,1,0,0,0,0,1,1,1,0,1,1.2244,5.1891,-1.2113,-1.0962
398,397,14:22:07.5517,0,1,0,1,0,1,0,0,0,0,1,1,1,0,1,1.2069,5.1906,-1.2072,-1.0997
399,398,14:22:07.5522,0,1,0,1,0,1,0,0,0,0,1,1,1,0,1,1.1903,5.1954,-1.2038,-1.1031
400,399,14:22:07.5528,0,1,0,1,0,1,0,0,0,0,1,1,1,0,1,1.1753,5.2031,-1.2014,-1.1078
401,400,14:22:07.5533,0,1,0,1,0,1,0,0,0,0,1,1,1,0,1,1.1622,5.2132,-1.1997,-1.1125
402,401,14:22:07.5538,0,1,0,1,0,1,0,0,0,0,1,1,1,0,1,1.1515,5.2256,-1.1992,-1.1175
403,402,14:22:07.5543,0,1,0,1,0,1,0,0,0,0,1,1,1,0,1,1.1433,5.2394,-1.1995,-1.1224
404,403,14:22:07.5548,0,1,0,1,0,1,0,0,0,0,1,1,1,0,1,1.1381,5.2543,-1.2010,-1.1272
405,404,14:22:07.5554,0,1,0,1,0,1,0,0,0,0,1,1,1,0,1,1.1357,5.2697,-1.2036,-1.1316
406,405,14:22:07.5559,0,1,0,1,0,1,0,0,0,0,1,1,1,0,1,1.1366,5.2850,-1.2063,-1.1353
407,406,14:22:07.5564,0,1,1,1,1,1,0,0,0,0,1,1,1,0,1,1.1403,5.2996,-1.2100,-1.1384
408,407,14:22:07.5569,0,1,1,1,1,1,0,0,0,0,1,1,1,0,1,1.1469,5.3129,-1.2141,-1.1406
409,408,14:22:07.5575,0,1,1,1,1,1,0,0,0,0,1,1,1,0,1,1.1558,5.3246,-1.2187,-1.1418
410,409,14:22:07.5580,0,1,1,1,1,1,0,0,0,0,1,1,1,0,1,1.1665,5.3342,-1.2231,-1.1424
411,410,14:22:07.5585,0,1,1,1,1,1,0,0,0,0,1,1,1,0,1,1.1789,5.3411,-1.2277,-1.1418
412,411,14:22:07.5590,0,1,1,1,1,1,0,0,0,0,1,1,1,0,1,1.1920,5.3458,-1.2316,-1.1408
413,412,14:22:07.5595,0,1,1,1,1,1,0,0,0,0,1,1,1,0,1,1.2053,5.3478,-1.2354,-1.1386
414,413,14:22:07.5601,0,1,1,1,1,1,0,0,0,0,1,1,1,0,1,1.2186,5.3468,-1.2387,-1.1355
415,414,14:22:07.5606,0,1,1,1,1,1,0,0,0,0,1,1,1,0,1,1.2312,5.3433,-1.2413,-1.1327
416,415,14:22:07.5611,0,1,1,1,1,1,0,0,0,0,1,1,1,0,1,1.2425,5.3372,-1.2431,-1.1291
417,416,14:22:07.5616,0,1,1,1,1,1,0,0,0,0,1,1,1,0,1,1.2523,5.3296,-1.2443,-1.1256
418,417,14:22:07.5621,0,1,1,1,1,1,0,0,0,0,1,1,1,0,1,1.2600,5.3201,-1.2447,-1.1220
419,418,14:22:07.5627,0,1,1,1,1,1,0,0,0,0,1,1,1,0,1,1.2658,5.3096,-1.2440,-1.1181
420,419,14:22:07.5632,0,1,1,1,1,1,0,0,0,0,1,1,1,0,1,1.2692,5.2985,-1.2429,-1.1148
421,420,14:22:07.5637,0,1,1,1,1,1,0,0,0,0,1,1,1,0,1,1.2703,5.2872,-1.2409,-1.1116
422,421,14:22:07.5642,0,1,1,1,1,1,0,0,0,0,1,1,1,0,1,1.2692,5.2761,-1.2385,-1.1090
423,422,14:22:07.5647,0,1,1,1,1,1,0,0,0,0,1,1,1,0,1,1.2662,5.2658,-1.2357,-1.1069
424,423,14:22:07.5653,0,1,1,1,1,1,0,0,0,0,1,1,1,0,1,1.2613,5.2565,-1.2329,-1.1054
425,424,14:22:07.5658,0,1,1,1,1,1,0,0,0,0,1,1,1,0,1,1.2547,5.2485,-1.2303,-1.1044
426,425,14:22:07.5663,0,1,1,1,1,1,0,0,0,0,1,1,1,0,1,1.2471,5.2420,-1.2271,-1.1042
427,426,14:22:07.5668,0,1,1,1,1,1,0,0,0,0,1,1,1,0,1,1.2385,5.2373,-1.2241,-1.1045
428,427,14:22:07.5673,0,1,1,1,1,1,0,0,0,0,1,1,1,0,1,1.2294,5.2343,-1.2213,-1.1053
429,428,14:22:07.5679,0,1,1,1,1,1,0,0,0,0,1,1,1,0,1,1.2200,5.2333,-1.2188,-1.1067
430,429,14:22:07.5684,0,1,1,1,1,1,0,0,0,0,1,1,1,0,1,1.2109,5.2340,-1.2167,-1.1084
431,430,14:22:07.5689,0,1,1,1,1,1,0,0,0,0,1,1,1,0,1,1.2023,5.2369,-1.2149,-1.1110
432,431,14:22:07.5694,0,1,1,1,1,1,0,0,0,0,1,1,1,0,1,1.1944,5.2408,-1.2138,-1.1139
433,432,14:22:07.5700,0,1,1,1,1,1,0,0,0,0,1,1,1,0,1,1.1875,5.2459,-1.2130,-1.1166
434,433,14:22:07.5705,0,1,1,1,1,1,0,0,0,0,1,1,1,0,1,1.1820,5.2524,-1.2127,-1.1191
435,434,14:22:07.5710,0,1,1,1,1,1,0,0,0,0,1,1,1,0,1,1.1780,5.2597,-1.2127,-1.1214
436,435,14:22:07.5715,0,1,1,1,1,1,0,0,0,0,1,1,1,0,1,1.1753,5.2673,-1.2132,-1.1237
437,436,14:22:07.5720,0,1,1,1,1,1,0,0,0,0,1,1,1,0,1,1.2152,5.2901,-1.5029,-1.2308
438,437,14:22:07.5726,0,1,1,1,1,1,0,0,0,0,1,1,1,0,1,1.2452,5.3291,-1.7083,-1.2705
439,438,14:22:07.5731,0,1,1,1,1,1,0,0,0,0,1,1,1,0,1,1.2700,5.3766,-1.8056,-1.2779
440,439,14:22:07.5736,0,1,1,1,1,1,0,0,0,0,1,1,1,0,1,1.2878,5.4244,-1.7855,-1.2952
441,440,14:22:07.5741,0,1,1,1,1,1,0,0,0,0,1,1,1,0,1,1.2920,5.4666,-1.6540,-1.3679
442,441,14:22:07.5746,0,1,1,1,1,1,0,0,0,0,1,1,1,0,1,1.2722,5.5015,-1.4356,-1.5354
443,442,14:22:07.5752,0,1,1,1,1,1,0,0,0,0,1,1,1,0,1,1.2175,5.5327,-1.1690,-1.8208
444,443,14:22:07.5757,0,1,1,1,1,1,0,0,0,0,1,1,1,0,1,1.1197,5.5684,-0.8959,-2.2245
445,444,14:22:07.5762,0,1,1,1,1,1,0,0,0,0,1,1,1,0,1,0.9735,5.6193,-0.6472,-2.7288
446,445,14:22:07.5767,0,1,1,1,1,1,0,0,0,0,1,1,1,0,1,0.7771,5.6948,-0.4371,-3.3060
447,446,14:22:07.5772,0,0,1,0,1,1,0,0,0,0,1,1,1,0,1,0.5296,5.8023,-0.2624,-3.9305
448,447,14:22:07.5778,0,0,1,0,1,1,0,0,0,0,1,1,1,0,1,0.2294,5.9469,-0.1080,-4.5833
449,448,14:22:07.5783,0,0,1,0,1,1,0,0,0,0,1,1,1,0,1,-0.1284,6.1325,0.0489,-5.2539
450,449,14:22:07.5788,0,0,1,0,1,1,0,0,0,0,1,1,1,0,1,-0.5523,6.3636,0.2359,-5.9401
451,450,14:22:07.5793,0,0,1,0,1,1,0,0,0,0,1,1,1,0,1,-1.0563,6.6466,0.4847,-6.6460
452,451,14:22:07.5798,0,0,1,0,1,1,0,0,0,0,1,1,1,0,1,-1.6605,6.9910,0.8325,-7.3824
453,452,14:22:07.5804,0,0,1,0,1,1,0,0,0,0,1,1,1,0,1,-2.3943,7.4115,1.3258,-8.1676
454,453,14:22:07.5809,0,0,1,0,1,1,0,0,0,0,1,1,1,0,1,-3.2982,7.9338,2.0264,-9.0299
455,454,14:22:07.5814,0,0,1,0,1,1,0,0,0,0,1,1,1,0,1,-4.4307,8.5999,3.0201,-10.0159
456,455,14:22:07.5819,0,0,1,0,1,1,0,0,0,0,1,1,1,0,1,-5.8717,9.4849,4.4288,-11.2077
457,456,14:22:07.5825,0,0,1,0,1,1,0,0,0,0,1,1,1,0,1,-7.7317,10.7274,6.4302,-12.7609
458,457,14:22:07.5830,0,0,1,0,1,1,0,0,0,0,1,1,1,0,1,-10.1420,12.5940,9.2627,-14.9906
459,458,14:22:07.5835,0,0,1,0,1,1,0,0,0,0,0,0,0,0,1,-13.1818,15.6042,13.1780,-18.5497
460,459,14:22:07.5840,0,0,1,0,1,1,0,0,0,0,0,0,0,0,1,-16.5722,20.7056,18.1002,-24.7488
461,460,14:22:07.5845,0,0,1,0,1,1,0,0,0,0,0,0,0,0,1,-18.7846,29.0417,22.4324,-35.5351
462,461,14:22:07.5851,0,0,1,0,1,1,0,0,0,0,0,0,0,0,1,-16.4195,39.6814,21.5873,-50.8212
463,462,14:22:07.5856,0,0,1,0,1,1,0,0,0,0,0,0,0,0,1,-8.6936,47.2267,12.9198,-64.1132
464,463,14:22:07.5861,0,0,1,0,1,1,0,0,0,0,0,0,0,0,1,-1.3807,49.0491,2.9018,-70.4527
465,464,14:22:07.5866,0,0,1,0,1,1,0,0,0,0,0,0,0,0,1,1.7569,48.8858,-2.5826,-73.6098
466,465,14:22:07.5871,0,0,1,0,1,1,0,0,0,0,0,0,0,0,1,1.1250,49.8894,-3.0561,-78.0073
467,466,14:22:07.5877,0,0,1,0,1,1,0,0,0,0,0,0,0,0,1,-2.7332,53.1757,1.2832,-85.7587
468,467,14:22:07.5882,0,0,1,0,1,1,0,0,0,0,0,0,0,0,1,-10.7252,59.0884,12.1874,-97.9775
469,468,14:22:07.5887,0,0,1,0,1,1,0,0,0,0,0,0,0,0,1,-26.4664,66.8122,37.3196,-112.0984
470,469,14:22:07.5892,0,0,1,0,1,1,0,0,0,0,0,0,0,0,1,-51.2045,72.2241,77.4352,-123.2441
471,470,14:22:07.5897,0,0,0,0,1,1,0,0,0,0,0,0,0,0,1,-89.3245,66.8741,140.4969,-117.9564
472,471,14:22:07.5903,0,0,0,0,1,1,0,0,0,0,0,0,0,0,1,-135.1707,29.7758,219.1521,-61.2574
473,472,14:22:07.5908,0,0,0,0,1,1,0,0,0,0,0,0,0,0,1,-144.6075,-48.6316,,
474,473,14:22:07.5913,0,0,0,0,1,1,0,0,0,0,0,0,0,0,1,-91.1817,-105.1602,159.2985,164.2792
475,474,14:22:07.5918,0,0,0,0,1,1,0,0,0,0,0,0,0,0,1,-34.2677,-109.0428,66.2327,175.8544
476,475,14:22:07.5923,0,0,0,0,1,1,0,0,0,0,0,0,0,0,1,-0.5585,-93.0150,9.4365,152.6265
477,476,14:22:07.5929,0,0,0,0,1,1,0,0,0,0,0,0,0,0,1,17.1694,-75.6419,-21.2518,125.7315
478,477,14:22:07.5934,0,0,0,0,1,1,0,0,0,0,0,0,0,0,1,26.6267,-61.0324,-38.1139,102.6185
479,478,14:22:07.5939,0,0,0,0,1,1,0,0,0,0,0,0,0,0,1,31.8774,-49.2593,-47.8131,83.7777
480,479,14:22:07.5944,0,0,0,0,1,1,0,0,0,0,0,0,0,0,1,34.8994,-39.7028,-53.6499,68.3692
481,480,14:22:07.5950,0,0,0,0,1,1,0,0,0,0,0,0,0,0,1,36.6719,-31.7818,-57.2863,55.5311
482,481,14:22:07.5955,0,0,0,0,1,1,0,0,0,0,0,0,0,0,1,37.7123,-25.0487,-59.6109,44.5736
483,482,14:22:07.5960,0,0,0,0,1,1,0,0,0,0,0,0,0,0,1,38.3000,-19.1854,-61.1135,35.0041
484,483,14:22:07.5965,0,0,0,0,1,1,0,0,0,0,0,0,0,0,1,38.5991,-13.9702,-62.0834,26.4728
485,484,14:22:07.5970,0,0,0,0,1,1,0,0,0,0,0,0,0,0,1,38.7089,-9.2179,-62.6988,18.6793
486,485,14:22:07.5976,0,0,0,0,1,1,0,0,0,0,0,0,0,0,1,38.6882,-4.7929,-63.0708,11.4156
487,486,14:22:07.5981,0,0,0,0,1,1,0,0,0,0,0,0,0,0,1,38.5763,-0.5944,-63.2717,4.5101
488,487,14:22:07.5986,0,0,0,0,1,1,0,0,0,0,0,0,0,0,1,38.3989,3.4673,-63.3525,-2.1777
489,488,14:22:07.5991,0,0,0,0,1,1,0,0,0,0,0,0,0,0,1,38.1730,7.4812,-63.3490,-8.7881
490,489,14:22:07.5996,0,0,0,0,1,1,0,0,0,0,0,0,0,0,1,37.9114,11.5153,-63.2889,-15.4358
491,490,14:22:07.6002,0,0,0,0,1,1,0,0,0,0,0,0,0,0,1,37.6249,15.6544,-63.1972,-22.2570
492,491,14:22:07.6007,0,0,0,0,1,1,0,0,0,0,0,0,0,0,1,37.3227,19.9842,-63.0986,-29.3962
493,492,14:22:07.6012,0,0,0,0,1,1,0,0,0,0,0,0,0,0,1,37.0170,24.6153,-63.0210,-37.0287
494,493,14:22:07.6017,0,0,0,0,1,1,0,0,0,0,0,0,0,0,1,36.7266,29.6722,-63.0067,-45.3577
495,494,14:22:07.6022,0,0,0,0,1,1,0,0,0,0,0,0,0,0,1,36.4809,35.3316,-63.1181,-54.6683
496,495,14:22:07.6028,0,0,0,0,1,1,0,0,0,0,0,0,0,0,1,36.3263,41.8496,-63.4615,-65.3843
497,496,14:22:07.6033,0,0,0,0,1,1,0,0,0,0,0,0,0,0,1,36.3574,49.5676,-64.2176,-78.0516
498,497,14:22:07.6038,0,0,0,0,1,1,0,0,0,0,0,0,0,0,1,36.7608,59.0679,-65.7453,-93.6093
499,498,14:22:07.6043,0,0,0,0,1,1,0,0,0,0,0,0,0,0,1,37.9220,71.2082,-68.7573,-113.4316
500,499,14:22:07.6048,0,0,0,0,1,1,0,0,0,0,0,0,0,0,1,40.7291,87.5340,-74.8572,-139.9756
501,500,14:22:07.6054,0,0,0,0,1,1,0,0,0,0,0,0,0,0,1,47.4928,110.8593,-88.0860,-177.6480
502,501,14:22:07.6059,0,0,0,0,1,1,0,0,0,0,0,0,0,0,1,65.0485,146.1366,,
503,502,14:22:07.6064,0,0,0,0,1,0,0,0,0,0,0,0,0,0,1,,,,
504,503,14:22:07.6069,0,0,0,0,1,0,0,0,0,0,0,0,0,0,1,,,,
505,504,14:22:07.6075,0,0,0,0,1,0,0,0,0,0,0,0,0,0,1,56.4493,-128.9136,-77.6160,218.0141
506,505,14:22:07.6080,0,0,0,0,1,0,0,0,0,0,0,0,0,0,1,37.7449,-84.8613,-51.2518,143.5633
507,506,14:22:07.6085,0,0,0,0,1,0,0,0,0,0,0,0,0,0,1,31.9440,-63.0350,-43.9033,107.0262
508,507,14:22:07.6090,0,0,0,0,1,0,0,0,0,0,0,0,0,0,1,29.5986,-49.9963,-41.3669,85.3154
509,508,14:22:07.6095,0,0,0,0,1,0,0,0,0,0,0,0,0,0,1,28.5566,-41.2039,-40.5754,70.7438
510,509,14:22:07.6101,0,0,0,0,1,0,0,0,0,0,0,0,0,0,1,28.1253,-34.7741,-40.5744,60.1427
511,510,14:22:07.6106,0,0,0,0,1,0,0,0,0,0,0,0,0,0,1,28.0219,-29.7651,-40.9967,51.9427
512,511,14:22:07.6111,0,0,0,0,1,0,0,0,0,0,0,0,0,0,1,28.1186,-25.6674,-41.6782,45.2962
513,512,14:22:07.6116,0,0,0,0,1,0,0,0,0,0,0,0,0,0,1,28.3525,-22.1619,-42.5422,39.6749
514,513,14:22:07.6121,0,0,0,0,1,0,0,0,0,0,0,0,0,0,1,28.6889,-19.0557,-43.5452,34.7613
515,514,14:22:07.6127,0,0,0,0,1,0,0,0,0,0,0,0,0,0,1,29.1128,-16.2037,-44.6725,30.3180
516,515,14:22:07.6132,0,0,0,0,1,0,0,0,0,0,0,0,0,0,1,29.6186,-13.4969,-45.9207,26.1641
517,516,14:22:07.6137,0,0,0,0,1,0,0,0,0,0,0,0,0,0,1,30.2035,-10.8652,-47.2874,22.1816
518,517,14:22:07.6142,0,0,0,0,1,0,0,0,0,0,0,0,0,0,1,30.8721,-8.2396,-48.7851,18.2543
519,518,14:22:07.6147,0,0,0,0,1,0,0,0,0,0,0,0,0,0,1,31.6326,-5.5502,-50.4350,14.2671
520,519,14:22:07.6153,0,0,0,0,1,0,0,0,0,0,0,0,0,0,1,32.4949,-2.7323,-52.2623,10.1119
521,520,14:22:07.6158,0,0,0,0,1,0,0,0,0,0,0,0,0,0,1,33.4705,0.2767,-54.2982,5.6826
522,521,14:22:07.6163,0,0,0,0,1,0,0,0,0,0,0,0,0,0,1,34.5827,3.5770,-56.6001,0.8197
523,522,14:22:07.6168,0,0,0,0,1,0,0,0,0,0,0,0,0,0,1,35.8521,7.2654,-59.2243,-4.6326
524,523,14:22:07.6173,0,0,0,0,1,0,0,0,0,0,0,0,0,0,1,37.3177,11.4977,-62.2689,-10.9195
525,524,14:22:07.6179,0,0,0,0,1,0,0,0,0,0,0,0,0,0,1,39.0271,16.4727,-65.8581,-18.3524
526,525,14:22:07.6184,0,0,0,0,1,0,0,0,0,0,0,0,0,0,1,41.0580,22.4993,-70.1855,-27.4089
527,526,14:22:07.6189,0,0,0,0,1,0,0,0,0,0,0,0,0,0,1,43.5284,30.0526,-75.5527,-38.8282
528,527,14:22:07.6194,0,0,0,0,1,0,0,0,0,0,0,0,0,0,1,46.6368,39.9232,-82.4548,-53.8311
529,528,14:22:07.6200,0,0,0,0,1,0,0,0,0,0,0,0,0,0,1,50.7439,53.5403,-91.7952,-74.6296
530,529,14:22:07.6205,0,0,0,0,1,0,0,0,0,0,0,0,0,0,1,56.5457,73.7018,-105.3268,-105.5520
531,530,14:22:07.6210,0,0,0,0,1,0,0,0,0,0,0,0,0,0,1,65.7051,107.0502,-127.2095,-156.8651
532,531,14:22:07.6215,0,0,0,0,1,0,0,0,0,0,0,0,0,0,1,83.1858,173.4228,,
533,532,14:22:07.6220,0,0,0,0,1,0,0,0,0,0,0,0,0,0,1,,,,
534,533,14:22:07.6226,0,0,0,0,1,0,0,0,0,0,0,0,0,0,1,,,,
535,534,14:22:07.6231,0,0,0,0,1,0,0,0,0,0,0,0,0,0,1,,,,
536,535,14:22:07.6236,0,0,0,0,1,0,0,0,0,0,0,0,0,0,1,,,,
537,536,14:22:07.6241,0,0,0,0,1,0,0,0,0,0,0,0,0,0,1,,,,
538,537,14:22:07.6246,0,0,0,0,1,0,0,0,0,0,0,0,0,0,1,,,,
539,538,14:22:07.6252,0,0,0,0,1,0,0,0,0,0,0,0,0,0,1,,,,
540,539,14:22:07.6257,0,0,0,0,1,0,0,0,0,0,0,0,0,0,1,,,,
541,540,14:22:07.6262,0,0,0,0,1,0,0,0,0,0,0,0,0,0,1,,,,
542,541,14:22:07.6267,0,0,0,0,1,0,0,0,0,0,0,0,0,0,1,,,,
543,542,14:22:07.6272,0,0,0,0,1,0,0,0,0,0,0,0,0,0,1,,,,
544,543,14:22:07.6278,0,0,0,0,1,0,0,0,0,0,0,0,0,0,1,,,,
545,544,14:22:07.6283,0,0,0,0,1,0,0,0,0,0,0,0,0,0,1,,,,
546,545,14:22:07.6288,0,0,0,0,1,0,0,0,0,0,0,0,0,0,1,,,,
547,546,14:22:07.6293,0,0,0,0,1,0,0,0,0,0,0,0,0,0,1,,,,
548,547,14:22:07.6298,0,0,0,0,1,0,0,0,0,0,0,0,0,0,1,,,,
549,548,14:22:07.6304,0,0,0,0,1,0,0,0,0,0,0,0,0,0,1,,,,
550,549,14:22:07.6309,0,0,0,0,1,0,0,0,0,0,0,0,0,0,1,,,,
551,550,14:22:07.6314,0,0,0,0,1,0,0,0,0,0,0,0,0,0,1,,,,
552,551,14:22:07.6319,0,0,0,0,1,0,0,0,0,0,0,0,0,0,1,,,,
553,552,14:22:07.6325,0,0,0,0,1,0,0,0,0,0,0,0,0,0,1,,,,
554,553,14:22:07.6330,0,0,0,0,1,0,0,0,0,0,0,0,0,0,1,,,,
555,554,14:22:07.6335,0,0,0,0,1,0,0,0,0,0,0,0,0,0,1,,,,
556,555,14:22:07.6340,0,0,0,0,1,0,0,0,0,0,0,0,0,0,1,,,,
557,556,14:22:07.6345,0,0,0,0,1,0,0,0,0,0,0,0,0,0,1,,,,
558,557,14:22:07.6351,0,0,0,0,1,0,0,0,0,0,0,0,0,0,1,,,,
559,558,14:22:07.6356,0,0,0,0,1,0,0,0,0,0,0,0,0,0,1,,,,
560,559,14:22:07.6361,0,0,0,0,1,0,0,0,0,0,0,0,0,0,1,,,,
561,560,14:22:07.6366,0,0,0,0,1,0,0,0,0,0,0,0,0,0,1,,,,
562,561,14:22:07.6371,0,0,0,0,1,0,0,0,0,0,0,0,0,0,1,,,,
563,562,14:22:07.6377,0,0,0,0,1,0,0,0,0,0,0,0,0,0,1,,,,
564,563,14:22:07.6382,0,0,0,0,1,0,0,0,0,0,0,0,0,0,1,,,,
565,564,14:22:07.6387,0,0,0,0,1,0,0,0,0,0,0,0,0,0,1,,,,
566,565,14:22:07.6392,0,0,0,0,1,0,0,0,0,0,0,0,0,0,1,,,,
567,566,14:22:07.6397,0,0,0,0,1,0,0,0,0,0,0,0,0,0,1,,,,
568,567,14:22:07.6403,0,0,0,0,1,0,0,0,0,0,0,0,0,0,1,,,,
569,568,14:22:07.6408,0,0,0,0,1,0,0,0,0,0,0,0,0,0,1,,,,
570,569,14:22:07.6413,0,0,0,0,1,0,0,0,0,0,0,0,0,0,1,,,,
571,570,14:22:07.6418,0,0,0,0,1,0,0,0,0,0,0,0,0,0,1,,,,
572,571,14:22:07.6423,0,0,0,0,1,0,0,0,0,0,0,0,0,0,1,,,,
573,572,14:22:07.6429,0,0,0,0,1,0,0,0,0,0,0,0,0,0,1,,,,
574,573,14:22:07.6434,0,0,0,0,1,0,0,0,0,0,0,0,0,0,1,,,,
575,574,14:22:07.6439,0,0,0,0,1,0,0,0,0,0,0,0,0,0,1,,,,
576,575,14:22:07.6444,0,0,0,0,1,0,0,0,0,0,0,0,0,0,1,,,,
577,576,14:22:07.6450,0,0,0,0,1,0,0,0,0,0,0,0,0,0,1,,,,
578,577,14:22:07.6455,0,0,0,0,1,0,0,0,0,0,0,0,0,0,1,,,,
579,578,14:22:07.6460,0,0,0,0,1,0,0,0,0,0,0,0,0,0,1,,,,
580,579,14:22:07.6465,0,0,0,0,1,0,0,0,0,0,0,0,0,0,1,,,,
581,580,14:22:07.6470,0,0,0,0,1,0,0,0,0,0,0,0,0,0,1,,,,
582,581,14:22:07.6476,0,0,0,0,1,0,0,0,0,0,0,0,0,0,1,,,,
583,582,14:22:07.6481,0,0,0,0,1,0,0,0,0,0,0,0,0,0,1,,,,
584,583,14:22:07.6486,0,0,0,0,1,0,0,0,0,0,0,0,0,0,1,,,,
585,584,14:22:07.6491,0,0,0,0,1,0,0,0,0,0,0,0,0,0,1,,,,
586,585,14:22:07.6496,0,0,0,0,1,0,0,0,0,0,0,0,0,0,1,,,,
587,586,14:22:07.6502,0,0,0,0,1,0,0,0,0,0,0,0,0,0,1,,,,
588,587,14:22:07.6507,0,0,0,0,1,0,0,0,0,0,0,0,0,0,1,,,,
589,588,14:22:07.6512,0,0,0,0,1,0,0,0,0,0,0,0,0,0,1,,,,
590,589,14:22:07.6517,0,0,0,0,1,0,0,0,0,0,0,0,0,0,1,,,,
591,590,14:22:07.6522,0,0,0,0,1,0,0,0,0,0,0,0,0,0,1,,,,
592,591,14:22:07.6528,0,0,0,0,1,0,0,0,0,0,0,0,0,0,1,,,,
593,592,14:22:07.6533,0,0,0,0,1,0,0,0,0,0,0,0,0,0,1,,,,
594,593,14:22:07.6538,0,0,0,0,1,0,0,0,0,0,0,0,0,0,1,,,,
595,594,14:22:07.6543,0,0,0,0,1,0,0,0,0,0,0,0,0,0,1,,,,
596,595,14:22:07.6548,0,0,0,0,1,0,0,0,0,0,0,0,0,0,1,,,,
597,596,14:22:07.6554,0,0,0,0,1,0,0,0,0,0,0,0,0,0,1,,,,
598,597,14:22:07.6559,0,0,0,0,1,0,0,0,0,0,0,0,0,0,1,,,,
599,598,14:22:07.6564,0,0,0,0,1,0,0,0,0,0,0,0,0,0,1,,,,
600,599,14:22:07.6569,0,0,0,0,1,0,0,0,0,0,0,0,0,0,1,,,,
601,600,14:22:07.6575,0,0,0,0,1,0,0,0,0,0,0,0,0,0,1,,,,
602,601,14:22:07.6580,0,0,0,0,1,0,0,0,0,0,0,0,0,0,1,,,,
603,602,14:22:07.6585,0,0,0,0,1,0,0,0,0,0,0,0,0,0,1,,,,
604,603,14:22:07.6590,0,0,0,0,1,0,0,0,0,0,0,0,0,0,1,,,,
605,604,14:22:07.6595,0,0,0,0,1,0,0,0,0,0,0,0,0,0,1,,,,
606,605,14:22:07.6601,0,0,0,0,1,0,0,0,0,0,0,0,0,0,1,,,,
607,606,14:22:07.6606,0,0,0,0,1,0,0,0,0,0,0,0,0,0,1,,,,
608,607,14:22:07.6611,0,0,0,0,1,0,0,0,0,0,0,0,0,0,1,,,,
609,608,14:22:07.6616,0,0,0,0,1,0,0,0,0,0,0,0,0,0,1,,,,
610,609,14:22:07.6621,0,0,0,0,1,0,0,0,0,0,0,0,0,0,1,,,,
611,610,14:22:07.6627,0,0,0,0,1,0,0,0,0,0,0,0,0,0,1,,,,
612,611,14:22:07.6632,0,0,0,0,1,0,0,0,0,0,0,0,0,0,1,,,,
613,612,14:22:07.6637,0,0,0,0,1,0,0,0,0,0,0,0,0,0,1,,,,
614,613,14:22:07.6642,0,0,0,0,1,0,0,0,0,0,0,0,0,0,1,,,,
615,614,14:22:07.6647,0,0,0,0,1,0,0,0,0,0,0,0,0,0,1,,,,
616,615,14:22:07.6653,0,0,0,0,1,0,0,0,0,0,0,0,0,0,1,,,,
617,616,14:22:07.6658,0,0,0,0,1,0,0,0,0,0,0,0,0,0,1,,,,
618,617,14:22:07.6663,0,0,0,0,1,0,0,0,0,0,0,0,0,0,1,,,,
619,618,14:22:07.6668,0,0,0,0,1,0,0,0,0,0,0,0,0,0,1,,,,
620,619,14:22:07.6673,0,0,0,0,1,0,0,0,0,0,0,0,0,0,1,,,,
621,620,14:22:07.6679,0,0,0,0,1,0,0,0,0,0,0,0,0,0,1,,,,
622,621,14:22:07.6684,0,0,0,0,1,0,0,0,0,0,0,0,0,0,1,,,,
623,622,14:22:07.6689,0,0,0,0,1,0,0,0,0,0,0,0,0,0,1,,,,
624,623,14:22:07.6694,0,0,0,0,1,0,0,0,0,0,0,0,0,0,1,,,,
625,624,14:22:07.6700,0,0,0,0,1,0,0,0,0,0,0,0,0,0,1,,,,
626,625,14:22:07.6705,0,0,0,0,1,0,0,0,0,0,0,0,0,0,1,,,,
627,626,14:22:07.6710,0,0,0,0,1,0,0,0,0,0,0,0,0,0,1,,,,
628,627,14:22:07.6715,0,0,0,0,1,0,0,0,0,0,0,0,0,0,1,,,,
629,628,14:22:07.6720,0,0,0,0,1,0,0,0,0,0,0,0,0,0,1,,,,
630,629,14:22:07.6726,0,0,0,0,1,0,0,0,0,0,0,0,0,0,1,,,,
631,630,14:22:07.6731,0,0,0,0,1,0,0,0,0,0,0,0,0,0,1,,,,
632,631,14:22:07.6736,0,0,0,0,1,0,0,0,0,0,0,0,0,0,1,,,,
633,632,14:22:07.6741,0,0,0,0,1,0,0,0,0,0,0,0,0,0,1,,,,
634,633,14:22:07.6746,0,0,0,0,1,0,0,0,0,0,0,0,0,0,1,,,,
635,634,14:22:07.6752,0,0,0,0,1,0,0,0,0,0,0,0,0,0,1,,,,
636,635,14:22:07.6757,0,0,0,0,1,0,0,0,0,0,0,0,0,0,1,,,,
637,636,14:22:07.6762,0,0,0,0,1,0,0,0,0,0,0,0,0,0,1,,,,
638,637,14:22:07.6767,0,0,0,0,1,0,0,0,0,0,0,0,0,0,1,,,,
639,638,14:22:07.6772,0,0,0,0,1,0,0,0,0,0,0,0,0,0,1,,,,
640,639,14:22:07.6778,0,0,0,0,1,0,0,0,0,0,0,0,0,0,1,,,,
